student_id,cgpa,internal_marks,backlogs
STU0001,7.57,56.8,3
STU0002,5.95,68.6,2
STU0003,8.1,43.6,3
STU0004,8.33,48.0,2
STU0005,4.86,100.0,2
STU0006,5.64,50.7,3
STU0007,7.35,53.5,0
STU0008,6.82,97.6,3
STU0009,7.18,100.0,3
STU0010,6.18,52.4,2
STU0011,8.26,64.5,2
STU0012,8.13,75.1,2
STU0013,7.28,95.9,1
STU0014,8.55,55.2,3
STU0015,7.76,66.3,0
STU0016,6.17,81.7,1
STU0017,7.64,76.5,2
STU0018,6.05,64.4,3
STU0019,8.25,68.0,1
STU0020,7.14,49.4,1
STU0021,6.98,66.4,0
STU0022,6.38,66.0,0
STU0023,8.67,73.5,0
STU0024,7.01,61.7,0
STU0025,6.69,77.1,3
STU0026,6.78,85.2,3
STU0027,7.84,72.3,3
STU0028,7.64,75.3,0
STU0029,7.7,70.8,0
STU0030,7.72,70.0,1
STU0031,9.77,59.2,2
STU0032,6.71,74.7,1
STU0033,6.59,68.5,1
STU0034,6.22,100.0,0
STU0035,7.94,93.6,2
STU0036,8.55,75.8,1
STU0037,7.06,58.6,0
STU0038,6.19,53.3,2
STU0039,6.21,87.9,3
STU0040,7.98,73.9,0
STU0041,8.09,77.2,1
STU0042,7.85,43.8,3
STU0043,6.4,83.9,2
STU0044,7.48,76.8,3
STU0045,7.34,53.3,1
STU0046,7.46,62.9,1
STU0047,8.25,74.0,2
STU0048,7.47,70.8,0
STU0049,8.01,65.6,0
STU0050,7.28,68.4,2
STU0051,7.55,66.2,2
STU0052,7.96,72.3,0
STU0053,5.45,92.1,2
STU0054,6.82,31.5,1
STU0055,6.64,66.4,2
STU0056,6.43,72.6,3
STU0057,6.87,74.4,0
STU0058,8.99,64.4,3
STU0059,6.16,43.6,1
STU0060,8.36,74.9,3
STU0061,5.18,95.9,1
STU0062,6.8,47.0,1
STU0063,7.4,83.0,3
STU0064,7.9,65.1,2
STU0065,8.05,69.1,0
STU0066,8.15,54.2,2
STU0067,6.78,65.0,3
STU0068,6.65,89.5,1
STU0069,8.23,78.7,3
STU0070,6.97,96.0,2
STU0071,5.67,87.7,1
STU0072,5.84,76.6,0
STU0073,6.1,96.2,2
STU0074,7.8,76.6,0
STU0075,7.37,82.4,3
STU0076,8.03,65.6,2
STU0077,6.69,71.0,1
STU0078,7.39,59.5,0
STU0079,7.95,84.8,2
STU0080,6.83,52.3,0
STU0081,7.75,81.7,1
STU0082,6.41,67.1,3
STU0083,6.76,87.6,3
STU0084,6.74,81.3,3
STU0085,5.76,97.3,3
STU0086,7.78,81.0,2
STU0087,6.64,46.4,0
STU0088,7.21,69.0,3
STU0089,7.78,52.4,3
STU0090,7.74,62.2,3
STU0091,8.0,92.7,2
STU0092,7.08,79.6,0
STU0093,6.69,59.5,2
STU0094,7.1,54.8,1
STU0095,5.18,70.5,3
STU0096,5.46,51.8,1
STU0097,5.61,59.9,1
STU0098,6.0,74.7,0
STU0099,7.68,87.3,3
STU0100,6.11,79.1,3
STU0101,6.75,35.6,0
STU0102,8.76,74.6,1
STU0103,6.77,71.1,1
STU0104,8.09,76.2,1
STU0105,6.08,94.2,3
STU0106,6.95,39.1,0
STU0107,6.06,61.1,1
STU0108,6.79,78.9,0
STU0109,8.21,46.3,0
STU0110,5.13,92.1,3
STU0111,7.72,75.5,3
STU0112,7.49,82.7,0
STU0113,6.49,61.4,2
STU0114,5.46,82.2,0
STU0115,7.29,86.0,0
STU0116,6.56,73.5,1
STU0117,7.48,73.5,0
STU0118,7.23,74.1,1
STU0119,9.12,57.0,3
STU0120,6.91,67.8,2
STU0121,5.97,67.7,2
STU0122,7.42,75.8,1
STU0123,7.46,85.0,0
STU0124,8.83,54.1,0
STU0125,8.2,68.1,1
STU0126,7.63,92.2,0
STU0127,8.96,58.8,3
STU0128,5.77,57.7,3
STU0129,6.43,73.0,3
STU0130,6.09,82.7,2
STU0131,6.73,70.2,2
STU0132,5.55,89.9,2
STU0133,7.96,82.9,1
STU0134,6.93,82.6,2
STU0135,5.44,78.3,3
STU0136,5.98,100.0,3
STU0137,7.58,66.9,2
STU0138,8.21,39.9,0
STU0139,9.6,94.1,2
STU0140,10.0,63.1,1
STU0141,7.7,71.6,2
STU0142,6.01,89.6,2
STU0143,4.64,46.0,3
STU0144,7.52,51.2,1
STU0145,6.22,46.0,3
STU0146,6.7,58.1,3
STU0147,6.47,76.6,1
STU0148,7.03,77.9,1
STU0149,8.48,74.1,2
STU0150,7.39,48.8,3
STU0151,7.01,35.3,2
STU0152,5.96,70.8,3
STU0153,5.19,62.9,1
STU0154,6.62,76.9,2
STU0155,7.14,80.5,1
STU0156,9.32,72.1,3
STU0157,7.36,81.4,1
STU0158,8.38,73.4,2
STU0159,6.6,78.0,0
STU0160,5.78,59.4,3
STU0161,6.04,67.3,1
STU0162,6.33,73.0,1
STU0163,9.75,82.3,2
STU0164,6.21,64.1,1
STU0165,8.21,77.8,3
STU0166,6.12,66.0,2
STU0167,8.32,68.2,2
STU0168,7.66,82.4,0
STU0169,7.01,40.1,0
STU0170,7.15,50.6,1
STU0171,6.41,47.8,3
STU0172,7.74,35.0,3
STU0173,6.65,59.8,2
STU0174,5.73,81.2,2
STU0175,5.67,65.7,1
STU0176,7.41,73.0,0
STU0177,9.09,86.3,0
STU0178,7.39,89.9,1
STU0179,7.06,69.0,1
STU0180,7.54,90.3,0
STU0181,8.77,71.4,1
STU0182,7.46,57.4,0
STU0183,6.71,61.1,2
STU0184,8.53,47.8,3
STU0185,7.71,56.7,2
STU0186,9.04,64.6,1
STU0187,7.42,82.1,1
STU0188,5.73,95.8,1
STU0189,5.56,49.3,0
STU0190,9.18,75.9,2
STU0191,9.27,54.4,2
STU0192,6.98,77.1,0
STU0193,6.74,68.0,1
STU0194,8.95,42.5,1
STU0195,5.87,83.9,0
STU0196,6.13,60.9,2
STU0197,7.97,62.0,2
STU0198,6.73,54.0,2
STU0199,7.19,60.2,2
STU0200,7.0,76.4,3
STU0201,7.61,67.2,3
STU0202,8.89,74.9,2
STU0203,7.31,75.4,3
STU0204,7.97,89.8,1
STU0205,4.74,64.9,3
STU0206,7.14,47.8,3
STU0207,6.19,86.0,2
STU0208,5.74,65.0,3
STU0209,6.15,86.7,2
STU0210,6.8,75.8,2
STU0211,8.3,68.0,1
STU0212,5.61,75.2,3
STU0213,7.24,99.3,2
STU0214,6.62,100.0,3
STU0215,6.81,71.0,1
STU0216,8.4,72.4,3
STU0217,7.85,86.1,0
STU0218,8.8,57.3,0
STU0219,7.01,75.0,2
STU0220,6.36,69.6,2
STU0221,6.93,74.7,3
STU0222,7.49,57.5,1
STU0223,7.41,46.2,2
STU0224,5.9,38.9,2
STU0225,7.31,53.2,3
STU0226,7.47,63.1,2
STU0227,10.0,65.6,1
STU0228,9.45,99.1,3
STU0229,6.18,86.6,0
STU0230,6.86,55.6,3
STU0231,5.44,75.2,0
STU0232,6.49,63.9,1
STU0233,7.58,65.7,3
STU0234,8.65,72.8,2
STU0235,6.33,79.3,3
STU0236,6.42,64.9,2
STU0237,4.62,86.0,2
STU0238,7.0,52.9,1
STU0239,5.93,70.1,0
STU0240,6.56,100.0,0
