student_id,attendance
STU0001,61.3
STU0002,72.5
STU0003,71.2
STU0004,88.6
STU0005,81.1
STU0006,54.9
STU0007,84.7
STU0008,70.5
STU0009,94.6
STU0010,69.8
STU0011,69.7
STU0012,85.0
STU0013,87.9
STU0014,83.8
STU0015,56.1
STU0016,85.0
STU0017,64.6
STU0018,81.1
STU0019,59.5
STU0020,83.8
STU0021,67.5
STU0022,61.3
STU0023,87.3
STU0024,81.1
STU0025,70.0
STU0026,96.9
STU0027,72.3
STU0028,78.4
STU0029,81.5
STU0030,69.9
STU0031,84.1
STU0032,71.1
STU0033,72.6
STU0034,95.7
STU0035,64.5
STU0036,46.6
STU0037,98.9
STU0038,100.0
STU0039,72.7
STU0040,52.8
STU0041,74.0
STU0042,74.3
STU0043,75.5
STU0044,63.5
STU0045,85.5
STU0046,84.8
STU0047,58.6
STU0048,87.1
STU0049,100.0
STU0050,80.2
STU0051,73.6
STU0052,76.2
STU0053,86.0
STU0054,55.5
STU0055,80.1
STU0056,72.9
STU0057,100.0
STU0058,75.7
STU0059,99.7
STU0060,63.7
STU0061,85.6
STU0062,82.2
STU0063,66.7
STU0064,80.3
STU0065,93.8
STU0066,73.8
STU0067,56.0
STU0068,77.8
STU0069,66.3
STU0070,73.5
STU0071,76.9
STU0072,55.8
STU0073,57.0
STU0074,84.3
STU0075,71.2
STU0076,44.7
STU0077,88.2
STU0078,81.5
STU0079,68.7
STU0080,60.9
STU0081,88.9
STU0082,82.5
STU0083,100.0
STU0084,83.5
STU0085,83.0
STU0086,75.8
STU0087,88.6
STU0088,86.1
STU0089,94.3
STU0090,71.2
STU0091,72.3
STU0092,71.8
STU0093,88.3
STU0094,97.5
STU0095,72.0
STU0096,72.5
STU0097,82.1
STU0098,74.8
STU0099,90.4
STU0100,48.7
STU0101,67.3
STU0102,67.8
STU0103,47.8
STU0104,65.5
STU0105,66.1
STU0106,75.4
STU0107,92.5
STU0108,74.8
STU0109,64.6
STU0110,77.3
STU0111,91.6
STU0112,65.3
STU0113,66.2
STU0114,85.3
STU0115,75.1
STU0116,86.4
STU0117,77.8
STU0118,87.1
STU0119,64.5
STU0120,77.8
STU0121,75.3
STU0122,62.2
STU0123,57.7
STU0124,86.9
STU0125,73.4
STU0126,64.7
STU0127,76.7
STU0128,92.7
STU0129,48.4
STU0130,58.5
STU0131,66.0
STU0132,97.0
STU0133,81.7
STU0134,88.0
STU0135,63.2
STU0136,63.4
STU0137,83.8
STU0138,78.8
STU0139,85.1
STU0140,75.6
STU0141,81.6
STU0142,80.1
STU0143,88.1
STU0144,88.5
STU0145,56.9
STU0146,48.8
STU0147,91.0
STU0148,93.4
STU0149,64.7
STU0150,53.8
STU0151,79.3
STU0152,90.1
STU0153,100.0
STU0154,84.7
STU0155,73.2
STU0156,66.4
STU0157,78.1
STU0158,74.1
STU0159,64.8
STU0160,100.0
STU0161,100.0
STU0162,92.8
STU0163,66.0
STU0164,89.1
STU0165,86.3
STU0166,83.8
STU0167,94.2
STU0168,86.3
STU0169,87.6
STU0170,86.3
STU0171,82.4
STU0172,54.8
STU0173,79.1
STU0174,70.8
STU0175,61.4
STU0176,99.9
STU0177,100.0
STU0178,95.7
STU0179,81.3
STU0180,95.6
STU0181,78.2
STU0182,80.6
STU0183,63.8
STU0184,83.2
STU0185,78.8
STU0186,61.1
STU0187,77.3
STU0188,77.0
STU0189,100.0
STU0190,89.6
STU0191,78.1
STU0192,81.2
STU0193,78.6
STU0194,75.4
STU0195,63.9
STU0196,76.0
STU0197,68.3
STU0198,61.7
STU0199,84.6
STU0200,83.1
STU0201,54.8
STU0202,76.4
STU0203,90.9
STU0204,91.8
STU0205,91.3
STU0206,78.5
STU0207,67.0
STU0208,63.9
STU0209,82.5
STU0210,82.9
STU0211,94.7
STU0212,92.3
STU0213,76.3
STU0214,61.8
STU0215,73.9
STU0216,80.8
STU0217,75.4
STU0218,70.5
STU0219,81.3
STU0220,71.4
STU0221,69.8
STU0222,82.0
STU0223,72.8
STU0224,81.2
STU0225,81.6
STU0226,63.2
STU0227,71.7
STU0228,96.7
STU0229,62.9
STU0230,50.5
STU0231,53.8
STU0232,78.4
STU0233,78.4
STU0234,76.5
STU0235,93.8
STU0236,43.3
STU0237,83.1
STU0238,98.3
STU0239,63.3
STU0240,73.1
