student_id,events_attended,certifications,hackathons
STU0001,7,0,0
STU0002,4,0,3
STU0003,5,0,1
STU0004,3,4,0
STU0005,2,5,2
STU0006,5,3,1
STU0007,5,1,3
STU0008,8,4,1
STU0009,5,0,2
STU0010,8,4,2
STU0011,7,5,0
STU0012,0,4,1
STU0013,3,5,0
STU0014,3,3,2
STU0015,0,2,3
STU0016,1,1,3
STU0017,6,5,1
STU0018,3,4,1
STU0019,1,1,2
STU0020,2,5,2
STU0021,2,0,3
STU0022,1,3,0
STU0023,0,1,0
STU0024,6,3,1
STU0025,7,2,1
STU0026,4,2,1
STU0027,5,4,3
STU0028,8,4,0
STU0029,7,2,3
STU0030,0,5,2
STU0031,8,2,2
STU0032,0,0,2
STU0033,0,0,0
STU0034,3,1,2
STU0035,6,4,0
STU0036,0,3,2
STU0037,2,2,2
STU0038,2,2,2
STU0039,3,5,1
STU0040,8,3,1
STU0041,2,0,1
STU0042,1,0,0
STU0043,1,2,2
STU0044,1,2,0
STU0045,1,5,1
STU0046,5,3,2
STU0047,3,4,0
STU0048,4,3,3
STU0049,7,2,1
STU0050,5,3,0
STU0051,1,3,2
STU0052,3,4,2
STU0053,2,1,2
STU0054,7,3,3
STU0055,2,1,1
STU0056,1,4,3
STU0057,6,4,1
STU0058,3,3,2
STU0059,0,5,0
STU0060,6,3,2
STU0061,1,0,1
STU0062,7,3,2
STU0063,7,4,3
STU0064,3,0,3
STU0065,5,0,3
STU0066,5,1,0
STU0067,5,5,0
STU0068,0,3,3
STU0069,2,5,1
STU0070,1,5,0
STU0071,6,3,1
STU0072,0,4,3
STU0073,4,1,1
STU0074,6,0,0
STU0075,8,2,2
STU0076,2,3,0
STU0077,0,1,1
STU0078,6,1,0
STU0079,0,0,2
STU0080,0,4,1
STU0081,8,5,3
STU0082,7,4,1
STU0083,6,2,0
STU0084,7,3,0
STU0085,0,5,0
STU0086,0,3,1
STU0087,2,1,0
STU0088,0,2,1
STU0089,7,4,3
STU0090,0,2,3
STU0091,4,5,2
STU0092,7,5,3
STU0093,6,0,3
STU0094,2,4,2
STU0095,4,2,3
STU0096,4,3,0
STU0097,6,1,3
STU0098,3,2,1
STU0099,2,1,2
STU0100,7,0,3
STU0101,7,4,1
STU0102,4,0,0
STU0103,0,2,1
STU0104,4,1,1
STU0105,8,0,3
STU0106,8,2,3
STU0107,3,5,2
STU0108,1,5,3
STU0109,5,2,1
STU0110,7,3,1
STU0111,8,5,3
STU0112,0,1,2
STU0113,2,5,2
STU0114,4,0,1
STU0115,0,1,2
STU0116,7,2,3
STU0117,1,0,1
STU0118,5,4,0
STU0119,8,5,0
STU0120,6,2,0
STU0121,6,5,1
STU0122,2,4,2
STU0123,7,4,3
STU0124,3,4,0
STU0125,0,3,3
STU0126,3,0,2
STU0127,3,5,0
STU0128,4,3,1
STU0129,2,5,1
STU0130,4,5,3
STU0131,3,1,3
STU0132,2,2,3
STU0133,6,1,2
STU0134,2,0,1
STU0135,6,5,1
STU0136,2,5,3
STU0137,7,5,0
STU0138,3,5,1
STU0139,0,3,0
STU0140,1,3,1
STU0141,7,5,1
STU0142,7,3,0
STU0143,1,3,1
STU0144,5,1,3
STU0145,5,4,2
STU0146,1,4,3
STU0147,4,4,3
STU0148,6,2,3
STU0149,8,1,1
STU0150,7,0,3
STU0151,0,3,3
STU0152,2,4,3
STU0153,3,4,1
STU0154,1,5,0
STU0155,5,2,2
STU0156,0,4,3
STU0157,1,4,3
STU0158,0,1,2
STU0159,2,5,0
STU0160,6,0,1
STU0161,1,3,2
STU0162,8,5,2
STU0163,2,3,1
STU0164,0,5,1
STU0165,3,0,0
STU0166,6,3,1
STU0167,0,4,2
STU0168,0,3,0
STU0169,7,5,3
STU0170,5,2,0
STU0171,3,4,2
STU0172,6,2,1
STU0173,7,5,3
STU0174,3,0,3
STU0175,5,1,2
STU0176,0,0,2
STU0177,2,4,2
STU0178,5,1,2
STU0179,1,1,0
STU0180,8,5,1
STU0181,8,2,0
STU0182,2,0,1
STU0183,3,0,2
STU0184,1,1,0
STU0185,4,5,0
STU0186,1,3,3
STU0187,3,5,1
STU0188,4,1,0
STU0189,5,2,2
STU0190,5,0,2
STU0191,1,2,3
STU0192,7,3,3
STU0193,6,4,3
STU0194,6,2,2
STU0195,4,4,1
STU0196,8,3,3
STU0197,3,1,1
STU0198,7,5,1
STU0199,1,2,3
STU0200,2,0,3
STU0201,4,5,1
STU0202,5,5,2
STU0203,6,0,3
STU0204,2,5,3
STU0205,7,5,0
STU0206,2,4,2
STU0207,4,1,0
STU0208,8,3,3
STU0209,4,3,0
STU0210,6,3,3
STU0211,8,3,0
STU0212,8,3,1
STU0213,4,3,0
STU0214,3,4,3
STU0215,1,3,1
STU0216,4,0,2
STU0217,8,0,0
STU0218,4,5,1
STU0219,3,5,3
STU0220,0,3,3
STU0221,3,1,0
STU0222,2,4,1
STU0223,8,0,1
STU0224,4,2,2
STU0225,1,1,2
STU0226,0,0,0
STU0227,7,4,3
STU0228,8,3,0
STU0229,6,1,1
STU0230,1,3,3
STU0231,0,0,2
STU0232,1,2,1
STU0233,6,3,3
STU0234,6,2,1
STU0235,7,4,2
STU0236,0,1,0
STU0237,1,0,0
STU0238,8,3,1
STU0239,8,5,2
STU0240,6,2,3
