student_id,satisfaction,faculty_feedback
STU0001,2,3
STU0002,3,2
STU0003,1,1
STU0004,2,3
STU0005,1,1
STU0006,4,5
STU0007,4,3
STU0008,3,5
STU0009,1,5
STU0010,2,5
STU0011,5,3
STU0012,2,3
STU0013,1,4
STU0014,1,1
STU0015,5,5
STU0016,1,2
STU0017,3,1
STU0018,5,2
STU0019,4,2
STU0020,3,1
STU0021,2,4
STU0022,1,1
STU0023,1,5
STU0024,5,3
STU0025,1,4
STU0026,1,2
STU0027,5,1
STU0028,3,1
STU0029,2,4
STU0030,4,4
STU0031,3,2
STU0032,5,2
STU0033,3,5
STU0034,4,5
STU0035,5,3
STU0036,3,2
STU0037,2,2
STU0038,5,3
STU0039,2,3
STU0040,1,1
STU0041,3,1
STU0042,5,3
STU0043,1,4
STU0044,5,1
STU0045,5,3
STU0046,5,1
STU0047,3,2
STU0048,2,4
STU0049,3,2
STU0050,1,2
STU0051,5,5
STU0052,4,1
STU0053,3,1
STU0054,3,5
STU0055,4,3
STU0056,3,1
STU0057,5,3
STU0058,5,3
STU0059,5,2
STU0060,4,3
STU0061,4,4
STU0062,2,2
STU0063,1,5
STU0064,3,3
STU0065,5,5
STU0066,1,1
STU0067,3,2
STU0068,1,4
STU0069,3,5
STU0070,1,2
STU0071,4,5
STU0072,5,1
STU0073,4,3
STU0074,4,2
STU0075,2,3
STU0076,3,5
STU0077,1,4
STU0078,2,4
STU0079,3,2
STU0080,4,5
STU0081,1,3
STU0082,5,4
STU0083,3,4
STU0084,5,4
STU0085,3,4
STU0086,3,3
STU0087,4,4
STU0088,5,5
STU0089,1,2
STU0090,3,3
STU0091,1,1
STU0092,3,2
STU0093,5,4
STU0094,5,4
STU0095,2,2
STU0096,2,3
STU0097,3,5
STU0098,2,1
STU0099,1,1
STU0100,2,2
STU0101,3,4
STU0102,3,2
STU0103,5,5
STU0104,3,5
STU0105,2,3
STU0106,4,2
STU0107,4,1
STU0108,3,5
STU0109,3,5
STU0110,2,3
STU0111,5,3
STU0112,5,4
STU0113,1,4
STU0114,2,1
STU0115,2,4
STU0116,5,5
STU0117,1,4
STU0118,2,3
STU0119,2,3
STU0120,3,2
STU0121,2,4
STU0122,3,2
STU0123,4,2
STU0124,5,2
STU0125,1,2
STU0126,1,2
STU0127,1,1
STU0128,5,4
STU0129,4,3
STU0130,3,5
STU0131,4,1
STU0132,3,4
STU0133,2,1
STU0134,3,3
STU0135,4,3
STU0136,1,3
STU0137,4,4
STU0138,3,5
STU0139,1,2
STU0140,2,5
STU0141,3,1
STU0142,2,2
STU0143,2,2
STU0144,4,5
STU0145,3,1
STU0146,3,2
STU0147,4,3
STU0148,1,5
STU0149,2,3
STU0150,1,5
STU0151,5,4
STU0152,1,4
STU0153,5,4
STU0154,1,1
STU0155,2,3
STU0156,4,3
STU0157,5,2
STU0158,1,1
STU0159,2,1
STU0160,5,4
STU0161,2,4
STU0162,2,2
STU0163,4,4
STU0164,1,4
STU0165,5,5
STU0166,5,5
STU0167,5,5
STU0168,2,1
STU0169,1,4
STU0170,3,2
STU0171,2,3
STU0172,5,4
STU0173,4,4
STU0174,5,3
STU0175,4,5
STU0176,4,1
STU0177,1,1
STU0178,1,1
STU0179,1,5
STU0180,3,3
STU0181,2,3
STU0182,5,4
STU0183,1,3
STU0184,5,3
STU0185,4,1
STU0186,1,1
STU0187,1,5
STU0188,2,3
STU0189,2,1
STU0190,2,2
STU0191,3,2
STU0192,1,2
STU0193,1,2
STU0194,4,4
STU0195,5,1
STU0196,2,2
STU0197,5,3
STU0198,2,3
STU0199,2,5
STU0200,1,5
STU0201,3,2
STU0202,3,3
STU0203,4,1
STU0204,1,4
STU0205,1,1
STU0206,3,1
STU0207,1,4
STU0208,1,1
STU0209,4,3
STU0210,5,1
STU0211,3,4
STU0212,1,4
STU0213,5,3
STU0214,3,5
STU0215,4,3
STU0216,1,1
STU0217,3,1
STU0218,1,2
STU0219,4,2
STU0220,2,2
STU0221,5,2
STU0222,1,3
STU0223,4,1
STU0224,1,4
STU0225,4,2
STU0226,3,4
STU0227,5,3
STU0228,4,5
STU0229,2,3
STU0230,1,2
STU0231,3,3
STU0232,3,4
STU0233,1,3
STU0234,3,3
STU0235,2,3
STU0236,2,2
STU0237,1,2
STU0238,2,5
STU0239,2,4
STU0240,1,1
