student_id,lms_logins_weekly,assignment_completion
STU0001,3,60.2
STU0002,1,97.7
STU0003,6,40.7
STU0004,5,60.4
STU0005,3,88.8
STU0006,4,55.9
STU0007,4,42.4
STU0008,3,88.4
STU0009,4,51.2
STU0010,8,62.5
STU0011,3,98.1
STU0012,4,34.9
STU0013,4,44.1
STU0014,4,22.5
STU0015,3,51.3
STU0016,3,36.0
STU0017,6,74.4
STU0018,2,34.5
STU0019,8,74.0
STU0020,4,41.1
STU0021,3,48.4
STU0022,4,47.9
STU0023,6,77.3
STU0024,3,57.3
STU0025,7,48.9
STU0026,1,88.2
STU0027,2,65.8
STU0028,2,37.1
STU0029,6,92.0
STU0030,4,47.4
STU0031,3,23.1
STU0032,8,59.6
STU0033,7,29.9
STU0034,3,39.1
STU0035,3,79.8
STU0036,4,30.5
STU0037,3,84.6
STU0038,5,95.0
STU0039,6,68.5
STU0040,1,76.8
STU0041,7,77.1
STU0042,6,99.4
STU0043,7,47.3
STU0044,3,33.0
STU0045,4,61.5
STU0046,5,62.7
STU0047,3,34.2
STU0048,4,69.0
STU0049,4,21.1
STU0050,2,94.2
STU0051,8,41.2
STU0052,5,23.2
STU0053,6,28.7
STU0054,6,39.2
STU0055,2,41.9
STU0056,1,22.6
STU0057,2,42.3
STU0058,3,35.4
STU0059,5,50.3
STU0060,6,50.8
STU0061,3,47.1
STU0062,1,46.2
STU0063,4,27.2
STU0064,6,22.0
STU0065,4,36.2
STU0066,3,80.5
STU0067,2,99.3
STU0068,5,94.3
STU0069,4,60.3
STU0070,1,62.5
STU0071,5,45.2
STU0072,3,81.9
STU0073,3,81.2
STU0074,2,87.5
STU0075,3,91.6
STU0076,2,54.7
STU0077,5,81.4
STU0078,1,84.5
STU0079,7,44.7
STU0080,5,94.3
STU0081,7,27.5
STU0082,2,99.5
STU0083,7,81.6
STU0084,4,27.5
STU0085,4,72.5
STU0086,1,22.7
STU0087,5,81.6
STU0088,4,83.9
STU0089,4,68.2
STU0090,2,88.5
STU0091,2,27.8
STU0092,2,42.1
STU0093,5,53.1
STU0094,7,23.4
STU0095,4,55.9
STU0096,6,41.2
STU0097,4,51.4
STU0098,2,54.0
STU0099,4,90.4
STU0100,2,41.6
STU0101,2,91.5
STU0102,2,54.1
STU0103,5,46.2
STU0104,4,60.2
STU0105,4,53.4
STU0106,2,40.6
STU0107,3,60.2
STU0108,5,32.1
STU0109,3,48.2
STU0110,3,65.3
STU0111,9,53.1
STU0112,7,85.9
STU0113,1,40.5
STU0114,4,97.6
STU0115,3,82.8
STU0116,4,97.4
STU0117,1,87.1
STU0118,5,31.4
STU0119,5,62.1
STU0120,5,33.6
STU0121,4,85.5
STU0122,4,66.7
STU0123,3,41.1
STU0124,5,94.4
STU0125,3,29.2
STU0126,4,65.1
STU0127,8,77.7
STU0128,7,24.7
STU0129,3,67.8
STU0130,4,85.3
STU0131,3,25.4
STU0132,5,61.0
STU0133,3,40.7
STU0134,3,73.0
STU0135,7,29.5
STU0136,3,95.0
STU0137,3,91.6
STU0138,3,34.9
STU0139,11,45.9
STU0140,0,67.0
STU0141,6,77.4
STU0142,7,55.4
STU0143,5,32.5
STU0144,2,28.3
STU0145,5,100.0
STU0146,5,56.4
STU0147,3,89.8
STU0148,5,58.6
STU0149,2,93.8
STU0150,3,27.0
STU0151,3,29.1
STU0152,3,94.4
STU0153,7,95.8
STU0154,4,45.2
STU0155,2,48.4
STU0156,6,56.2
STU0157,3,53.3
STU0158,3,35.2
STU0159,3,91.9
STU0160,4,40.3
STU0161,4,76.4
STU0162,9,25.4
STU0163,2,23.1
STU0164,6,72.3
STU0165,8,47.1
STU0166,4,72.4
STU0167,7,27.5
STU0168,4,96.0
STU0169,4,79.9
STU0170,2,90.1
STU0171,3,30.9
STU0172,5,45.6
STU0173,3,49.5
STU0174,8,63.0
STU0175,6,43.7
STU0176,3,24.9
STU0177,1,49.5
STU0178,2,40.4
STU0179,6,50.9
STU0180,5,35.8
STU0181,3,41.0
STU0182,4,70.2
STU0183,5,51.1
STU0184,6,47.6
STU0185,4,62.7
STU0186,2,81.7
STU0187,6,50.3
STU0188,7,67.0
STU0189,7,97.3
STU0190,2,61.8
STU0191,3,92.8
STU0192,3,83.5
STU0193,5,24.7
STU0194,7,54.3
STU0195,8,75.9
STU0196,8,98.9
STU0197,5,56.7
STU0198,3,27.4
STU0199,3,65.0
STU0200,2,30.1
STU0201,3,80.1
STU0202,1,60.6
STU0203,1,77.9
STU0204,4,89.5
STU0205,3,70.3
STU0206,3,69.0
STU0207,6,80.4
STU0208,3,87.4
STU0209,2,89.5
STU0210,6,22.9
STU0211,3,64.5
STU0212,3,37.3
STU0213,4,88.8
STU0214,2,71.9
STU0215,7,53.6
STU0216,4,35.0
STU0217,4,47.1
STU0218,4,76.3
STU0219,4,36.3
STU0220,6,27.5
STU0221,3,91.0
STU0222,2,81.1
STU0223,5,36.0
STU0224,6,43.4
STU0225,2,97.8
STU0226,1,76.7
STU0227,3,68.8
STU0228,1,44.6
STU0229,3,43.9
STU0230,0,23.2
STU0231,4,78.3
STU0232,2,23.5
STU0233,3,20.4
STU0234,2,78.4
STU0235,7,95.9
STU0236,3,80.5
STU0237,1,57.7
STU0238,6,58.9
STU0239,2,54.9
STU0240,3,46.0
