student_id,aptitude_score,coding_score,mock_interview
STU0001,91.6,97.1,78.8
STU0002,25.6,15.2,76.9
STU0003,66.0,93.1,88.7
STU0004,57.4,61.1,34.7
STU0005,69.1,73.4,20.1
STU0006,55.8,23.4,67.9
STU0007,51.9,58.0,48.3
STU0008,57.8,70.6,29.9
STU0009,66.6,51.1,34.9
STU0010,60.1,23.9,46.5
STU0011,57.8,32.0,25.6
STU0012,85.4,86.9,24.6
STU0013,79.7,13.1,93.3
STU0014,47.3,73.8,45.0
STU0015,84.0,99.9,98.6
STU0016,88.3,10.7,97.1
STU0017,32.3,24.5,31.4
STU0018,66.6,70.7,77.2
STU0019,42.8,15.4,68.1
STU0020,79.1,63.1,75.3
STU0021,39.1,71.6,27.7
STU0022,73.7,62.9,35.1
STU0023,40.4,42.9,26.1
STU0024,60.9,72.8,68.3
STU0025,95.9,63.5,98.9
STU0026,50.5,28.7,73.8
STU0027,90.1,60.7,76.9
STU0028,99.0,89.4,98.8
STU0029,90.0,70.0,74.2
STU0030,33.3,52.5,23.2
STU0031,85.6,38.9,89.4
STU0032,22.6,17.7,49.2
STU0033,51.5,32.0,20.3
STU0034,89.7,11.0,60.6
STU0035,75.1,98.8,95.0
STU0036,62.6,30.0,40.6
STU0037,51.0,83.3,59.3
STU0038,85.0,25.2,33.9
STU0039,76.8,35.5,24.6
STU0040,57.5,47.6,26.4
STU0041,91.4,39.2,78.2
STU0042,38.4,81.9,89.1
STU0043,33.6,96.2,31.5
STU0044,71.4,88.8,43.1
STU0045,97.8,23.8,35.6
STU0046,39.8,79.9,22.1
STU0047,40.0,23.3,64.3
STU0048,31.2,92.2,76.0
STU0049,88.8,56.6,71.8
STU0050,38.1,40.3,51.0
STU0051,60.3,24.1,64.4
STU0052,99.3,11.1,27.5
STU0053,21.0,32.3,32.3
STU0054,64.5,92.3,94.5
STU0055,61.0,81.8,80.9
STU0056,84.6,97.3,93.8
STU0057,48.4,19.1,93.3
STU0058,52.8,63.3,72.0
STU0059,33.4,33.1,94.3
STU0060,79.3,58.9,53.3
STU0061,82.8,38.8,20.3
STU0062,30.9,35.5,25.0
STU0063,51.5,61.6,28.8
STU0064,91.4,26.5,27.6
STU0065,20.2,52.2,48.1
STU0066,43.9,68.6,76.1
STU0067,64.4,21.5,83.3
STU0068,46.7,93.8,67.2
STU0069,41.8,55.5,31.7
STU0070,56.8,83.8,79.8
STU0071,34.5,68.9,48.4
STU0072,62.4,73.9,21.0
STU0073,76.5,74.5,42.4
STU0074,66.0,88.8,46.4
STU0075,27.4,65.2,41.9
STU0076,87.6,35.0,84.9
STU0077,34.0,19.0,80.8
STU0078,81.2,64.6,75.6
STU0079,48.8,16.0,31.1
STU0080,82.6,31.7,84.6
STU0081,36.5,15.5,74.2
STU0082,34.9,59.4,35.6
STU0083,59.8,24.4,71.8
STU0084,22.6,64.9,58.7
STU0085,38.0,81.2,55.1
STU0086,77.9,84.0,29.0
STU0087,87.0,37.9,61.5
STU0088,26.5,59.4,28.0
STU0089,90.6,60.7,33.1
STU0090,83.8,52.6,30.6
STU0091,89.6,69.0,96.3
STU0092,75.9,28.9,42.8
STU0093,73.9,98.1,48.4
STU0094,62.0,18.8,45.8
STU0095,72.2,84.6,91.9
STU0096,93.5,63.5,65.0
STU0097,28.0,32.0,93.5
STU0098,45.3,77.1,44.0
STU0099,25.8,17.6,29.2
STU0100,95.6,79.7,64.5
STU0101,55.6,63.1,47.6
STU0102,74.0,20.0,84.2
STU0103,87.3,17.2,90.4
STU0104,99.3,77.6,57.8
STU0105,32.9,36.4,97.7
STU0106,84.0,90.0,64.2
STU0107,91.0,78.6,41.7
STU0108,23.9,72.8,59.1
STU0109,80.3,35.1,23.0
STU0110,48.4,73.8,84.3
STU0111,71.9,95.3,28.1
STU0112,61.1,18.2,44.7
STU0113,40.8,39.4,65.2
STU0114,30.8,31.1,23.4
STU0115,29.4,45.4,26.3
STU0116,28.3,76.8,75.7
STU0117,71.0,52.7,25.7
STU0118,48.1,61.4,58.2
STU0119,37.3,38.3,47.1
STU0120,75.4,22.7,38.2
STU0121,74.9,34.0,35.1
STU0122,63.1,87.4,81.1
STU0123,94.8,64.2,96.1
STU0124,50.8,44.0,31.2
STU0125,86.9,81.1,96.8
STU0126,26.0,15.8,67.6
STU0127,79.2,32.9,71.3
STU0128,99.1,30.7,76.8
STU0129,87.7,98.7,76.3
STU0130,66.4,73.5,85.6
STU0131,70.1,65.6,58.7
STU0132,48.3,10.4,62.7
STU0133,74.4,26.6,45.9
STU0134,81.6,67.2,28.4
STU0135,99.9,44.2,73.2
STU0136,59.4,93.2,22.7
STU0137,24.9,78.8,42.1
STU0138,67.7,50.3,27.5
STU0139,29.5,77.5,35.3
STU0140,39.6,97.8,71.1
STU0141,46.3,51.5,70.3
STU0142,78.5,67.8,53.7
STU0143,34.7,92.7,27.2
STU0144,33.3,32.4,54.7
STU0145,23.6,89.8,48.2
STU0146,89.9,18.8,77.6
STU0147,75.5,68.4,66.3
STU0148,23.2,80.5,59.3
STU0149,22.3,65.3,59.0
STU0150,64.7,54.6,97.3
STU0151,42.6,65.6,80.5
STU0152,67.7,23.6,59.8
STU0153,54.8,29.4,58.3
STU0154,93.9,34.3,22.1
STU0155,43.0,63.8,95.4
STU0156,74.3,49.8,45.5
STU0157,24.3,32.0,40.5
STU0158,96.5,89.5,100.0
STU0159,98.5,43.7,77.5
STU0160,79.1,50.1,23.8
STU0161,57.2,46.9,25.0
STU0162,37.6,26.4,22.0
STU0163,85.0,75.8,68.0
STU0164,78.9,50.4,25.7
STU0165,37.8,11.5,94.7
STU0166,56.1,96.8,95.0
STU0167,57.0,83.4,63.7
STU0168,86.1,75.1,69.3
STU0169,74.7,88.2,43.4
STU0170,71.5,91.6,25.1
STU0171,72.0,40.4,79.0
STU0172,41.6,65.0,28.1
STU0173,49.7,64.8,26.8
STU0174,23.7,34.1,44.9
STU0175,83.0,30.0,21.0
STU0176,54.6,20.3,54.7
STU0177,55.1,69.3,76.6
STU0178,39.6,80.3,84.1
STU0179,36.8,78.5,68.3
STU0180,67.0,38.5,87.7
STU0181,38.6,28.5,52.5
STU0182,25.1,50.8,87.9
STU0183,81.4,59.2,60.5
STU0184,50.1,92.7,37.8
STU0185,50.4,88.7,95.5
STU0186,54.5,92.4,42.0
STU0187,85.2,86.5,22.1
STU0188,45.7,96.8,39.4
STU0189,80.6,51.9,49.3
STU0190,95.2,14.3,48.1
STU0191,72.9,17.5,62.0
STU0192,54.5,45.1,90.7
STU0193,79.8,33.2,43.4
STU0194,56.6,25.3,61.7
STU0195,53.2,95.8,47.2
STU0196,62.0,27.6,85.7
STU0197,45.4,96.3,32.6
STU0198,28.3,78.5,28.3
STU0199,53.2,67.7,60.2
STU0200,29.9,70.8,73.8
STU0201,52.8,39.8,83.6
STU0202,64.6,68.2,67.2
STU0203,94.5,26.8,81.9
STU0204,22.9,94.4,51.4
STU0205,69.7,37.2,22.6
STU0206,56.6,33.0,29.3
STU0207,21.6,74.0,23.1
STU0208,40.0,69.1,46.3
STU0209,29.5,50.6,59.6
STU0210,37.3,66.9,48.5
STU0211,42.0,24.4,64.8
STU0212,52.1,70.6,58.4
STU0213,62.3,34.4,74.2
STU0214,20.1,34.6,73.4
STU0215,32.9,24.6,45.4
STU0216,27.5,39.9,47.7
STU0217,64.0,39.8,66.8
STU0218,46.3,50.9,67.7
STU0219,63.9,27.1,45.2
STU0220,37.7,27.4,46.4
STU0221,21.9,58.8,75.5
STU0222,95.3,21.6,71.8
STU0223,28.7,72.0,30.8
STU0224,30.1,95.0,55.3
STU0225,31.7,48.4,91.4
STU0226,98.5,91.1,22.9
STU0227,69.4,18.8,88.4
STU0228,68.8,13.9,33.1
STU0229,98.9,74.9,60.6
STU0230,27.1,78.5,53.9
STU0231,98.0,85.9,20.8
STU0232,36.3,15.1,93.2
STU0233,69.8,79.9,56.4
STU0234,53.6,43.9,96.3
STU0235,50.7,37.3,42.9
STU0236,94.5,25.6,89.3
STU0237,31.9,99.6,93.8
STU0238,99.8,15.7,64.5
STU0239,50.3,84.4,36.2
STU0240,71.9,67.6,74.8
