student_id,technical_skills,communication
STU0001,63.9,90.8
STU0002,95.6,73.8
STU0003,55.1,71.4
STU0004,41.5,35.2
STU0005,31.1,28.5
STU0006,75.9,97.2
STU0007,97.9,67.9
STU0008,22.3,53.3
STU0009,79.2,67.1
STU0010,94.2,24.9
STU0011,26.0,85.8
STU0012,28.8,37.3
STU0013,75.4,84.4
STU0014,71.8,62.8
STU0015,25.5,42.1
STU0016,86.8,22.4
STU0017,61.9,85.3
STU0018,92.6,34.1
STU0019,90.2,24.1
STU0020,85.0,80.5
STU0021,61.3,48.0
STU0022,40.1,51.1
STU0023,60.5,39.8
STU0024,28.1,88.7
STU0025,72.7,43.8
STU0026,30.7,36.8
STU0027,60.9,44.7
STU0028,24.4,36.3
STU0029,44.0,45.4
STU0030,38.6,26.6
STU0031,69.6,32.7
STU0032,82.9,53.4
STU0033,24.6,90.4
STU0034,88.0,24.6
STU0035,88.9,37.0
STU0036,47.4,92.7
STU0037,72.7,91.2
STU0038,52.2,74.4
STU0039,32.3,39.2
STU0040,62.3,53.6
STU0041,26.9,36.9
STU0042,90.3,30.3
STU0043,93.9,50.4
STU0044,85.7,66.1
STU0045,65.0,48.8
STU0046,64.6,68.9
STU0047,98.8,43.7
STU0048,39.8,47.7
STU0049,26.1,83.3
STU0050,65.0,90.3
STU0051,46.3,45.8
STU0052,45.8,65.7
STU0053,20.6,42.3
STU0054,67.7,24.3
STU0055,41.1,79.0
STU0056,35.0,33.7
STU0057,23.2,54.1
STU0058,49.1,59.0
STU0059,90.3,34.8
STU0060,46.9,27.6
STU0061,74.3,47.8
STU0062,80.5,96.2
STU0063,46.2,69.2
STU0064,85.7,50.5
STU0065,75.4,23.1
STU0066,64.7,68.0
STU0067,20.1,27.4
STU0068,22.8,63.4
STU0069,99.3,80.2
STU0070,82.6,53.9
STU0071,95.0,44.0
STU0072,92.2,23.8
STU0073,21.6,22.0
STU0074,83.3,54.4
STU0075,56.1,90.7
STU0076,83.2,39.5
STU0077,20.5,65.9
STU0078,43.1,74.7
STU0079,80.1,24.9
STU0080,83.4,32.2
STU0081,69.6,46.5
STU0082,44.1,73.6
STU0083,44.8,55.1
STU0084,97.3,78.7
STU0085,55.1,89.4
STU0086,55.8,80.7
STU0087,64.2,99.4
STU0088,52.8,80.3
STU0089,64.2,88.2
STU0090,54.6,86.6
STU0091,86.1,78.4
STU0092,92.7,84.1
STU0093,94.6,94.8
STU0094,65.1,58.0
STU0095,55.4,71.1
STU0096,76.4,61.2
STU0097,87.1,88.1
STU0098,65.0,54.5
STU0099,76.0,85.6
STU0100,80.0,83.9
STU0101,74.1,97.0
STU0102,79.7,39.9
STU0103,36.7,76.8
STU0104,59.9,80.6
STU0105,67.1,94.9
STU0106,20.2,92.6
STU0107,88.5,65.9
STU0108,68.8,66.3
STU0109,30.3,33.4
STU0110,85.3,98.0
STU0111,77.4,40.4
STU0112,80.7,78.0
STU0113,51.4,83.7
STU0114,88.3,55.3
STU0115,53.1,36.9
STU0116,65.6,35.1
STU0117,20.1,88.5
STU0118,71.6,60.9
STU0119,77.5,27.2
STU0120,65.4,77.4
STU0121,59.7,40.0
STU0122,84.8,90.1
STU0123,74.5,44.8
STU0124,42.2,36.0
STU0125,96.7,26.8
STU0126,76.6,60.9
STU0127,99.0,56.1
STU0128,97.7,80.1
STU0129,93.5,57.2
STU0130,80.4,47.5
STU0131,68.8,40.9
STU0132,33.8,42.3
STU0133,63.5,94.2
STU0134,81.2,33.2
STU0135,61.7,99.1
STU0136,89.5,46.2
STU0137,28.8,27.1
STU0138,50.5,39.9
STU0139,60.5,24.7
STU0140,54.6,83.2
STU0141,28.7,61.0
STU0142,32.3,47.0
STU0143,87.0,73.0
STU0144,58.8,70.5
STU0145,23.9,95.2
STU0146,21.3,96.9
STU0147,57.9,74.5
STU0148,33.2,85.4
STU0149,76.4,83.4
STU0150,83.6,59.3
STU0151,38.3,76.4
STU0152,67.4,26.3
STU0153,32.4,80.6
STU0154,44.3,96.9
STU0155,91.1,26.8
STU0156,63.5,86.9
STU0157,90.9,94.6
STU0158,38.0,38.1
STU0159,46.4,62.0
STU0160,57.7,94.2
STU0161,58.4,96.8
STU0162,99.8,30.2
STU0163,29.2,47.9
STU0164,88.2,75.9
STU0165,89.1,37.7
STU0166,64.3,46.0
STU0167,47.5,21.9
STU0168,61.5,32.3
STU0169,43.4,65.0
STU0170,83.9,72.2
STU0171,59.9,71.9
STU0172,94.1,82.3
STU0173,69.8,53.2
STU0174,61.1,41.9
STU0175,76.9,21.2
STU0176,60.3,36.5
STU0177,92.4,45.0
STU0178,34.8,34.3
STU0179,97.9,21.6
STU0180,85.0,32.6
STU0181,88.9,73.3
STU0182,58.6,70.4
STU0183,87.0,94.9
STU0184,44.5,83.9
STU0185,81.0,65.4
STU0186,31.2,31.0
STU0187,44.6,65.1
STU0188,55.7,24.9
STU0189,45.8,54.5
STU0190,51.0,51.2
STU0191,85.6,54.2
STU0192,40.5,42.4
STU0193,79.6,74.9
STU0194,25.9,87.3
STU0195,81.3,81.5
STU0196,83.4,70.2
STU0197,52.1,63.1
STU0198,77.8,22.5
STU0199,93.2,77.8
STU0200,84.1,63.6
STU0201,51.2,41.7
STU0202,58.7,46.2
STU0203,82.3,94.8
STU0204,43.4,69.9
STU0205,84.3,58.1
STU0206,46.2,69.7
STU0207,84.5,53.1
STU0208,26.9,57.6
STU0209,23.6,43.2
STU0210,99.8,55.2
STU0211,89.6,74.8
STU0212,90.6,23.2
STU0213,96.1,83.6
STU0214,55.1,42.6
STU0215,42.9,74.6
STU0216,30.4,71.4
STU0217,60.1,72.2
STU0218,37.6,68.7
STU0219,94.8,96.7
STU0220,20.3,60.7
STU0221,31.5,78.6
STU0222,39.7,76.4
STU0223,35.9,38.9
STU0224,38.1,42.7
STU0225,72.5,53.9
STU0226,46.2,42.2
STU0227,69.2,49.3
STU0228,91.2,51.3
STU0229,68.2,68.3
STU0230,75.6,37.6
STU0231,49.2,84.3
STU0232,32.8,55.0
STU0233,45.6,76.5
STU0234,97.1,26.5
STU0235,69.7,57.6
STU0236,42.2,22.3
STU0237,56.1,74.1
STU0238,86.8,47.5
STU0239,73.5,95.9
STU0240,64.9,45.9
