student_id,cgpa,internal_marks,backlogs,attendance,lms_logins_weekly,assignment_completion,events_attended,certifications,hackathons,aptitude_score,coding_score,mock_interview,technical_skills,communication,satisfaction,faculty_feedback,academic_score,attendance_score,lms_score,engagement_score,placement_score,success_score,support_status
STU0001,7.57,56.8,3,61.3,3,60.2,7,0,0,91.6,97.1,78.8,63.9,90.8,2,3,62.46,61.3,54.997142857142855,35.0,84.795,63.95,Needs Attention
STU0002,5.95,68.6,2,72.5,1,97.7,4,0,3,25.6,15.2,76.9,95.6,73.8,3,2,59.61333333333333,72.5,72.67571428571429,45.0,52.080000000000005,60.81,Needs Attention
STU0003,8.1,43.6,3,71.2,6,40.7,5,0,1,66.0,93.1,88.7,55.1,71.4,1,1,61.67999999999999,71.2,54.20428571428571,33.33333333333333,75.675,63.13,Needs Attention
STU0004,8.33,48.0,2,88.6,5,60.4,3,4,0,57.4,61.1,34.7,41.5,35.2,2,3,67.71333333333332,88.6,63.70857142857142,43.0,48.385,63.99,Needs Attention
STU0005,4.86,100.0,2,81.1,3,88.8,2,5,2,69.1,73.4,20.1,31.1,28.5,1,1,62.49333333333333,81.1,75.01714285714286,61.666666666666664,48.715,64.57,Needs Attention
STU0006,5.64,50.7,3,54.9,4,55.9,5,3,1,55.8,23.4,67.9,75.9,97.2,4,5,49.05,54.9,56.272857142857134,54.33333333333333,58.279999999999994,54.14,Needs Attention
STU0007,7.35,53.5,0,84.7,4,42.4,5,1,3,51.9,58.0,48.3,97.9,67.9,4,3,70.14999999999999,84.7,46.82285714285714,57.0,63.505,66.58,Needs Attention
STU0008,6.82,97.6,3,70.5,3,88.4,8,4,1,57.8,70.6,29.9,22.3,53.3,3,5,70.19999999999999,70.5,74.73714285714286,76.33333333333333,47.87,65.97,Needs Attention
STU0009,7.18,100.0,3,94.6,4,51.2,5,0,2,66.6,51.1,34.9,79.2,67.1,1,5,73.08,94.6,52.98285714285714,41.666666666666664,58.955000000000005,67.7,Needs Attention
STU0010,6.18,52.4,2,69.8,8,62.5,8,4,2,60.1,23.9,46.5,94.2,24.9,2,5,56.13333333333333,69.8,73.75,84.66666666666666,51.63,63.24,Needs Attention
STU0011,8.26,64.5,2,69.7,3,98.1,7,5,0,57.8,32.0,25.6,26.0,85.8,5,3,72.24333333333333,69.7,81.52714285714285,70.0,41.35,65.18,Needs Attention
STU0012,8.13,75.1,2,85.0,4,34.9,0,4,1,85.4,86.9,24.6,28.8,37.3,2,3,74.64333333333333,85.0,41.57285714285714,36.33333333333333,57.485,63.63,Needs Attention
STU0013,7.28,95.9,1,87.9,4,44.1,3,5,0,79.7,13.1,93.3,75.4,84.4,1,4,79.11666666666667,87.9,48.01285714285714,50.0,65.38,69.86,Needs Attention
STU0014,8.55,55.2,3,83.8,4,22.5,3,3,2,47.3,73.8,45.0,71.8,62.8,1,1,67.86,83.8,32.89285714285714,52.666666666666664,59.915,62.3,Needs Attention
STU0015,7.76,66.3,0,56.1,3,51.3,0,2,3,84.0,99.9,98.6,25.5,42.1,5,5,76.44999999999999,56.1,48.76714285714285,39.0,75.00499999999998,64.12,Needs Attention
STU0016,6.17,81.7,1,85.0,3,36.0,1,1,3,88.3,10.7,97.1,86.8,22.4,1,2,68.19666666666667,85.0,38.05714285714286,37.0,63.77,62.81,Needs Attention
STU0017,7.64,76.5,2,64.6,6,74.4,6,5,1,32.3,24.5,31.4,61.9,85.3,3,1,72.12333333333332,64.6,77.7942857142857,73.33333333333333,41.39,63.91,Needs Attention
STU0018,6.05,64.4,3,81.1,2,34.5,3,4,1,66.6,70.7,77.2,92.6,34.1,5,2,55.62,81.1,32.72142857142857,51.33333333333333,71.695,60.87,Needs Attention
STU0019,8.25,68.0,1,59.5,8,74.0,1,1,2,42.8,15.4,68.1,90.2,24.1,4,2,76.56666666666668,59.5,81.8,28.666666666666664,48.620000000000005,62.16,Needs Attention
STU0020,7.14,49.4,1,83.8,4,41.1,2,5,2,79.1,63.1,75.3,85.0,80.5,3,1,64.32666666666667,83.8,45.91285714285714,61.666666666666664,75.66,68.03,Needs Attention
STU0021,6.98,66.4,0,67.5,3,48.4,2,0,3,39.1,71.6,27.7,61.3,48.0,2,4,71.8,67.5,46.73714285714285,35.0,50.27499999999999,58.12,Needs Attention
STU0022,6.38,66.0,0,61.3,4,47.9,1,3,0,73.7,62.9,35.1,40.1,51.1,1,1,68.08,61.3,50.67285714285714,26.0,54.300000000000004,56.46,Needs Attention
STU0023,8.67,73.5,0,87.3,6,77.3,0,1,0,40.4,42.9,26.1,60.5,39.8,1,5,84.07,87.3,79.82428571428571,7.0,42.125,65.89,Needs Attention
STU0024,7.01,61.7,0,81.1,3,57.3,6,3,1,60.9,72.8,68.3,28.1,88.7,5,3,70.57,81.1,52.967142857142846,59.33333333333333,61.575,66.66,Needs Attention
STU0025,6.69,77.1,3,70.0,7,48.9,7,2,1,95.9,63.5,98.9,72.7,43.8,1,4,63.269999999999996,70.0,64.22999999999999,57.33333333333333,78.55,67.99,Needs Attention
STU0026,6.78,85.2,3,96.9,1,88.2,4,2,1,50.5,28.7,73.8,30.7,36.8,1,2,66.24,96.9,66.02571428571429,42.33333333333333,44.38,64.48,Needs Attention
STU0027,7.84,72.3,3,72.3,2,65.8,5,4,3,90.1,60.7,76.9,60.9,44.7,5,1,68.72999999999999,72.3,54.631428571428565,78.0,69.73,68.51,Needs Attention
STU0028,7.64,75.3,0,78.4,2,37.1,8,4,0,99.0,89.4,98.8,24.4,36.3,3,1,78.42999999999999,78.4,34.54142857142857,68.0,75.36999999999999,70.03,On Track
STU0029,7.7,70.8,0,81.5,6,92.0,7,2,3,90.0,70.0,74.2,44.0,45.4,2,4,77.44,81.5,90.1142857142857,74.0,68.18,77.49,On Track
STU0030,7.72,70.0,1,69.9,4,47.4,0,5,2,33.3,52.5,23.2,38.6,26.6,4,4,73.98666666666666,69.9,50.322857142857146,51.666666666666664,36.47,58.01,Needs Attention
STU0031,9.77,59.2,2,84.1,3,23.1,8,2,2,85.6,38.9,89.4,69.6,32.7,3,2,79.71333333333332,84.1,29.027142857142856,70.66666666666666,66.19500000000001,68.7,Needs Attention
STU0032,6.71,74.7,1,71.1,8,59.6,0,0,2,22.6,17.7,49.2,82.9,53.4,5,2,69.33666666666667,71.1,71.72,16.666666666666664,41.83500000000001,57.9,Needs Attention
STU0033,6.59,68.5,1,72.6,7,29.9,0,0,0,51.5,32.0,20.3,24.6,90.4,3,5,66.75666666666667,72.6,50.92999999999999,0.0,38.895,51.91,Needs Attention
STU0034,6.22,100.0,0,95.7,3,39.1,3,1,2,89.7,11.0,60.6,88.0,24.6,4,5,77.32,95.7,40.22714285714286,38.666666666666664,57.355000000000004,66.58,Needs Attention
STU0035,7.94,93.6,2,64.5,3,79.8,6,4,0,75.1,98.8,95.0,88.9,37.0,5,3,79.05333333333333,64.5,68.71714285714285,58.0,83.955,73.71,On Track
STU0036,8.55,75.8,1,46.6,4,30.5,0,3,2,62.6,30.0,40.6,47.4,92.7,3,2,80.70666666666666,46.6,38.49285714285714,37.666666666666664,50.02,55.58,Needs Attention
STU0037,7.06,58.6,0,98.9,3,84.6,2,2,2,51.0,83.3,59.3,72.7,91.2,2,2,69.94,98.9,72.07714285714285,40.666666666666664,69.095,72.91,On Track
STU0038,6.19,53.3,2,100.0,5,95.0,2,2,2,85.0,25.2,33.9,52.2,74.4,5,3,56.46333333333333,100.0,87.92857142857143,40.666666666666664,52.209999999999994,67.25,Needs Attention
STU0039,6.21,87.9,3,72.7,6,68.5,3,5,1,76.8,35.5,24.6,32.3,39.2,2,3,63.629999999999995,72.7,73.66428571428571,58.33333333333333,43.375,61.36,Needs Attention
STU0040,7.98,73.9,0,52.8,1,76.8,8,3,1,57.5,47.6,26.4,62.3,53.6,1,1,80.05000000000001,52.8,58.04571428571428,69.33333333333333,49.375,62.56,Needs Attention
STU0041,8.09,77.2,1,74.0,7,77.1,2,0,1,91.4,39.2,78.2,26.9,36.9,3,1,78.36666666666667,74.0,83.97,18.333333333333332,57.36000000000001,67.08,Needs Attention
STU0042,7.85,43.8,3,74.3,6,99.4,1,0,0,38.4,81.9,89.1,90.3,30.3,5,3,60.24,74.3,95.2942857142857,5.0,68.985,64.97,Needs Attention
STU0043,6.4,83.9,2,75.5,7,47.3,1,2,2,33.6,96.2,31.5,93.9,50.4,1,4,66.90333333333334,75.5,63.11,35.666666666666664,62.57,63.85,Needs Attention
STU0044,7.48,76.8,3,63.5,3,33.0,1,2,0,71.4,88.8,43.1,85.7,66.1,5,1,67.92,63.5,35.957142857142856,19.0,72.42,58.47,Needs Attention
STU0045,7.34,53.3,1,85.5,4,61.5,1,5,1,97.8,23.8,35.6,65.0,48.8,5,3,66.69666666666667,85.5,60.192857142857136,48.33333333333333,55.4,64.82,Needs Attention
STU0046,7.46,62.9,1,84.8,5,62.7,5,3,2,39.8,79.9,22.1,64.6,68.9,5,1,70.29666666666667,84.8,65.31857142857143,62.666666666666664,54.155,67.65,Needs Attention
STU0047,8.25,74.0,2,58.6,3,34.2,3,4,0,40.0,23.3,64.3,98.8,43.7,3,2,75.03333333333333,58.6,36.79714285714286,43.0,52.815,57.25,Needs Attention
STU0048,7.47,70.8,0,87.1,4,69.0,4,3,3,31.2,92.2,76.0,39.8,47.7,2,4,76.05999999999999,87.1,65.44285714285714,66.0,58.78000000000001,71.35,On Track
STU0049,8.01,65.6,0,100.0,4,21.1,7,2,1,88.8,56.6,71.8,26.1,83.3,3,2,77.74,100.0,31.912857142857142,57.33333333333333,64.26,69.91,Needs Attention
STU0050,7.28,68.4,2,80.2,2,94.2,5,3,0,38.1,40.3,51.0,65.0,90.3,1,2,67.53333333333333,80.2,74.51142857142857,46.0,51.830000000000005,65.03,Needs Attention
STU0051,7.55,66.2,2,73.6,8,41.2,1,3,2,60.3,24.1,64.4,46.3,45.8,5,5,68.49333333333333,73.6,58.84,42.666666666666664,47.82,60.32,Needs Attention
STU0052,7.96,72.3,0,76.2,5,23.2,3,4,2,99.3,11.1,27.5,45.8,65.7,4,1,79.44999999999999,76.2,37.668571428571425,59.666666666666664,48.82999999999999,62.9,Needs Attention
STU0053,5.45,92.1,2,86.0,6,28.7,2,1,2,21.0,32.3,32.3,20.6,42.3,3,1,63.663333333333334,86.0,45.80428571428571,33.666666666666664,28.135,53.57,Needs Attention
STU0054,6.82,31.5,1,55.5,6,39.2,7,3,3,64.5,92.3,94.5,67.7,24.3,3,5,57.036666666666655,55.5,53.15428571428571,81.0,74.07000000000002,62.8,Needs Attention
STU0055,6.64,66.4,2,80.1,2,41.9,2,1,1,61.0,81.8,80.9,41.1,79.0,4,3,63.093333333333334,80.1,37.90142857142857,25.333333333333332,68.00000000000001,60.17,Needs Attention
STU0056,6.43,72.6,3,72.9,1,22.6,1,4,3,84.6,97.3,93.8,35.0,33.7,3,1,60.36,72.9,20.105714285714285,58.0,74.605,60.16,Needs Attention
STU0057,6.87,74.4,0,100.0,2,42.3,6,4,1,48.4,19.1,93.3,23.2,54.1,5,3,73.53999999999999,100.0,38.18142857142857,66.33333333333333,45.584999999999994,65.82,Needs Attention
STU0058,8.99,64.4,3,75.7,3,35.4,3,3,2,52.8,63.3,72.0,49.1,59.0,5,3,73.25999999999999,75.7,37.637142857142855,52.666666666666664,59.144999999999996,62.82,Needs Attention
STU0059,6.16,43.6,1,99.7,5,50.3,0,5,0,33.4,33.1,94.3,90.3,34.8,5,2,56.706666666666656,99.7,56.638571428571424,35.0,57.025,63.2,Needs Attention
STU0060,8.36,74.9,3,63.7,6,50.8,6,3,2,79.3,58.9,53.3,46.9,27.6,4,3,72.63,63.7,61.27428571428571,67.66666666666666,57.349999999999994,64.82,Needs Attention
STU0061,5.18,95.9,1,85.6,3,47.1,1,0,1,82.8,38.8,20.3,74.3,47.8,4,4,66.51666666666667,85.6,45.82714285714285,13.333333333333332,54.1,58.81,Needs Attention
STU0062,6.8,47.0,1,82.2,1,46.2,7,3,2,30.9,35.5,25.0,80.5,96.2,2,2,61.56666666666666,82.2,36.62571428571429,72.66666666666666,47.32000000000001,59.5,Needs Attention
STU0063,7.4,83.0,3,66.7,4,27.2,7,4,3,51.5,61.6,28.8,46.2,69.2,1,5,69.30000000000001,66.7,36.182857142857145,88.0,50.195,60.91,Needs Attention
STU0064,7.9,65.1,2,80.3,6,22.0,3,0,3,91.4,26.5,27.6,85.7,50.5,3,3,70.26333333333334,80.3,41.114285714285714,40.0,57.185,61.6,Needs Attention
STU0065,8.05,69.1,0,93.8,4,36.2,5,0,3,20.2,52.2,48.1,75.4,23.1,5,5,79.03,93.8,42.48285714285714,50.0,45.11000000000001,65.12,Needs Attention
STU0066,8.15,54.2,2,73.8,3,80.5,5,1,0,43.9,68.6,76.1,64.7,68.0,1,1,68.49333333333333,73.8,69.20714285714286,32.0,63.084999999999994,64.66,Needs Attention
STU0067,6.78,65.0,3,56.0,2,99.3,5,5,0,64.4,21.5,83.3,20.1,27.4,3,2,60.17999999999999,56.0,78.08142857142856,60.0,44.89500000000001,58.19,Needs Attention
STU0068,6.65,89.5,1,77.8,5,94.3,0,3,3,46.7,93.8,67.2,22.8,63.4,1,4,73.41666666666667,77.8,87.43857142857142,46.0,59.465,70.17,On Track
STU0069,8.23,78.7,3,66.3,4,60.3,2,5,1,41.8,55.5,31.7,99.3,80.2,3,5,72.99,66.3,59.35285714285713,53.33333333333333,58.545,64.03,Needs Attention
STU0070,6.97,96.0,2,73.5,1,62.5,1,5,0,56.8,83.8,79.8,82.6,53.9,1,2,73.95333333333332,73.5,48.035714285714285,40.0,73.02,66.35,Needs Attention
STU0071,5.67,87.7,1,76.9,5,45.2,6,3,1,34.5,68.9,48.4,95.0,44.0,4,5,66.99666666666667,76.9,53.06857142857143,59.33333333333333,58.93,64.11,Needs Attention
STU0072,5.84,76.6,0,55.8,3,81.9,0,4,3,62.4,73.9,21.0,92.2,23.8,5,1,68.02,55.8,70.18714285714286,53.0,59.095000000000006,62.17,Needs Attention
STU0073,6.1,96.2,2,57.0,3,81.2,4,1,1,76.5,74.5,42.4,21.6,22.0,4,3,68.79333333333332,57.0,69.69714285714285,35.33333333333333,52.75000000000001,59.21,Needs Attention
STU0074,7.8,76.6,0,84.3,2,87.5,6,0,0,66.0,88.8,46.4,83.3,54.4,4,2,79.78,84.3,69.82142857142857,30.0,70.08,71.79,On Track
STU0075,7.37,82.4,3,71.2,3,91.6,8,2,2,27.4,65.2,41.9,56.1,90.7,2,3,68.94,71.2,76.97714285714285,70.66666666666666,51.82,66.49,Needs Attention
STU0076,8.03,65.6,2,44.7,2,54.7,2,3,0,87.6,35.0,84.9,83.2,39.5,3,5,71.19333333333331,44.7,46.86142857142857,31.0,68.22,57.48,Needs Attention
STU0077,6.69,71.0,1,88.2,5,81.4,0,1,1,34.0,19.0,80.8,20.5,65.9,1,4,68.10666666666667,88.2,78.40857142857142,15.333333333333332,40.1,61.39,Needs Attention
STU0078,7.39,59.5,0,81.5,1,84.5,6,1,0,81.2,64.6,75.6,43.1,74.7,2,4,72.18999999999998,81.5,63.43571428571428,37.0,67.66,68.09,Needs Attention
STU0079,7.95,84.8,2,68.7,7,44.7,0,0,2,48.8,16.0,31.1,80.1,24.9,3,2,76.47333333333331,68.7,61.29,16.666666666666664,40.93,57.77,Needs Attention
STU0080,6.83,52.3,0,60.9,5,94.3,0,4,1,82.6,31.7,84.6,83.4,32.2,4,5,66.66999999999999,60.9,87.43857142857142,36.33333333333333,65.395,65.28,Needs Attention
STU0081,7.75,81.7,1,88.9,7,27.5,8,5,3,36.5,15.5,74.2,69.6,46.5,1,3,77.67666666666666,88.9,49.25,100.0,46.410000000000004,70.07,On Track
STU0082,6.41,67.1,3,82.5,2,99.5,7,4,1,34.9,59.4,35.6,44.1,73.6,5,4,58.59,82.5,78.22142857142856,71.33333333333333,46.875,64.66,Needs Attention
STU0083,6.76,87.6,3,100.0,7,81.6,6,2,0,59.8,24.4,71.8,44.8,55.1,3,4,66.84,100.0,87.11999999999999,44.0,49.879999999999995,69.99,Needs Attention
STU0084,6.74,81.3,3,83.5,4,27.5,7,3,0,22.6,64.9,58.7,97.3,78.7,5,4,64.83,83.5,36.39285714285714,56.0,60.94500000000001,62.44,Needs Attention
STU0085,5.76,97.3,3,83.0,4,72.5,0,5,0,38.0,81.2,55.1,55.1,89.4,3,4,63.75,83.0,67.89285714285714,35.0,60.78,64.6,Needs Attention
STU0086,7.78,81.0,2,75.8,1,22.7,0,3,1,77.9,84.0,29.0,55.8,80.7,3,3,74.31333333333333,75.8,20.175714285714285,29.333333333333332,65.505,59.79,Needs Attention
STU0087,6.64,46.4,0,88.6,5,81.6,2,1,0,87.0,37.9,61.5,64.2,99.4,4,4,63.76,88.6,78.54857142857142,17.0,66.305,66.91,Needs Attention
STU0088,7.21,69.0,3,86.1,4,83.9,0,2,1,26.5,59.4,28.0,52.8,80.3,5,5,63.959999999999994,86.1,75.87285714285714,22.333333333333332,45.665000000000006,61.44,Needs Attention
STU0089,7.78,52.4,3,94.3,4,68.2,7,4,3,90.6,60.7,33.1,64.2,88.2,1,2,62.4,94.3,64.88285714285715,88.0,66.10500000000002,72.64,On Track
STU0090,7.74,62.2,3,71.2,2,88.5,0,2,3,83.8,52.6,30.6,54.6,86.6,3,3,65.1,71.2,70.52142857142857,39.0,59.8,63.2,Needs Attention
STU0091,8.0,92.7,2,72.3,2,27.8,4,5,2,89.6,69.0,96.3,86.1,78.4,1,1,79.14333333333333,72.3,28.03142857142857,71.66666666666666,83.97,70.57,On Track
STU0092,7.08,79.6,0,71.8,2,42.1,7,5,3,75.9,28.9,42.8,92.7,84.1,3,2,76.36,71.8,38.04142857142857,95.0,61.71000000000001,67.9,Needs Attention
STU0093,6.69,59.5,2,88.3,5,53.1,6,0,3,73.9,98.1,48.4,94.6,94.8,5,4,61.32333333333333,88.3,58.59857142857143,55.0,81.08,70.62,On Track
STU0094,7.1,54.8,1,97.5,7,23.4,2,4,2,62.0,18.8,45.8,65.1,58.0,5,4,65.70666666666666,97.5,46.379999999999995,54.666666666666664,48.17999999999999,63.68,Needs Attention
STU0095,5.18,70.5,3,72.0,4,55.9,4,2,3,72.2,84.6,91.9,55.4,71.1,2,2,52.23,72.0,56.272857142857134,59.0,75.77000000000001,63.35,Needs Attention
STU0096,5.46,51.8,1,72.5,6,41.2,4,3,0,93.5,63.5,65.0,76.4,61.2,2,3,54.96666666666666,72.5,54.55428571428571,41.0,73.65,61.69,Needs Attention
STU0097,5.61,59.9,1,82.1,4,51.4,6,1,3,28.0,32.0,93.5,87.1,88.1,3,5,58.29666666666667,82.1,53.12285714285714,62.0,59.93000000000001,63.06,Needs Attention
STU0098,6.0,74.7,0,74.8,2,54.0,3,2,1,45.3,77.1,44.0,65.0,54.5,2,1,68.41,74.8,46.37142857142857,37.33333333333333,57.85,60.63,Needs Attention
STU0099,7.68,87.3,3,90.4,4,90.4,2,1,2,25.8,17.6,29.2,76.0,85.6,1,1,72.27,90.4,80.42285714285714,33.666666666666664,40.45,65.3,Needs Attention
STU0100,6.11,79.1,3,48.7,2,41.6,7,0,3,95.6,79.7,64.5,80.0,83.9,2,2,60.38999999999999,48.7,37.69142857142857,60.0,81.115,59.79,Needs Attention
STU0101,6.75,35.6,0,67.3,2,91.5,7,4,1,55.6,63.1,47.6,74.1,97.0,3,4,61.18,67.3,72.62142857142857,71.33333333333333,63.715,65.77,Needs Attention
STU0102,8.76,74.6,1,67.8,2,54.1,4,0,0,74.0,20.0,84.2,79.7,39.9,3,2,81.60666666666667,67.8,46.44142857142857,20.0,60.27,62.08,Needs Attention
STU0103,6.77,71.1,1,47.8,5,46.2,0,2,1,87.3,17.2,90.4,36.7,76.8,5,5,68.61666666666666,47.8,53.768571428571434,22.333333333333332,59.225,55.25,Needs Attention
STU0104,8.09,76.2,1,65.5,4,60.2,4,1,1,99.3,77.6,57.8,59.9,80.6,3,5,78.06666666666668,65.5,59.28285714285714,35.33333333333333,75.825,67.9,Needs Attention
STU0105,6.08,94.2,3,66.1,4,53.4,8,0,3,32.9,36.4,97.7,67.1,94.9,2,3,64.74,66.1,54.522857142857134,65.0,59.775000000000006,62.26,Needs Attention
STU0106,6.95,39.1,0,75.4,2,40.6,8,2,3,84.0,90.0,64.2,20.2,92.6,4,2,63.43000000000001,75.4,36.99142857142857,79.0,69.64,64.97,Needs Attention
STU0107,6.06,61.1,1,92.5,3,60.2,3,5,2,91.0,78.6,41.7,88.5,65.9,4,1,61.35666666666666,92.5,54.997142857142855,66.66666666666666,75.03,70.58,On Track
STU0108,6.79,78.9,0,74.8,5,32.1,1,5,3,23.9,72.8,59.1,68.8,66.3,3,5,74.41,74.8,43.89857142857143,65.0,56.385,64.46,Needs Attention
STU0109,8.21,46.3,0,64.6,3,48.2,5,2,1,80.3,35.1,23.0,30.3,33.4,3,5,73.15,64.6,46.597142857142856,47.33333333333333,42.85000000000001,57.3,Needs Attention
STU0110,5.13,92.1,3,77.3,3,65.3,7,3,1,48.4,73.8,84.3,85.3,98.0,2,3,58.41,77.3,58.56714285714285,64.33333333333333,74.27,66.77,Needs Attention
STU0111,7.72,75.5,3,91.6,9,53.1,8,5,3,71.9,95.3,28.1,77.4,40.4,5,3,68.97,91.6,67.17,100.0,66.94000000000001,75.82,On Track
STU0112,7.49,82.7,0,65.3,7,85.9,0,1,2,61.1,18.2,44.7,80.7,78.0,5,4,79.75,65.3,90.13,23.666666666666664,52.705,66.05,Needs Attention
STU0113,6.49,61.4,2,66.2,1,40.5,2,5,2,40.8,39.4,65.2,51.4,83.7,1,4,60.693333333333335,66.2,32.635714285714286,61.666666666666664,51.739999999999995,55.45,Needs Attention
STU0114,5.46,82.2,0,85.3,4,97.6,4,0,1,30.8,31.1,23.4,88.3,55.3,2,1,67.42,85.3,85.46285714285713,28.333333333333332,43.345,63.78,Needs Attention
STU0115,7.29,86.0,0,75.1,3,82.8,0,1,2,29.4,45.4,26.3,53.1,36.9,2,4,79.53999999999999,75.1,70.81714285714285,23.666666666666664,38.269999999999996,61.44,Needs Attention
STU0116,6.56,73.5,1,86.4,4,97.4,7,2,3,28.3,76.8,75.7,65.6,35.1,5,5,68.07666666666667,86.4,85.32285714285713,74.0,58.044999999999995,72.41,On Track
STU0117,7.48,73.5,0,77.8,1,87.1,1,0,1,71.0,52.7,25.7,20.1,88.5,1,4,76.93,77.8,65.25571428571428,13.333333333333332,48.935,61.99,Needs Attention
STU0118,7.23,74.1,1,87.1,5,31.4,5,4,0,48.1,61.4,58.2,71.6,60.9,2,3,72.27666666666667,87.1,43.40857142857142,53.0,59.425,65.77,Needs Attention
STU0119,9.12,57.0,3,64.5,5,62.1,8,5,0,37.3,38.3,47.1,77.5,27.2,2,3,71.82,64.5,64.89857142857143,75.0,46.54,63.32,Needs Attention
STU0120,6.91,67.8,2,77.8,5,33.6,6,2,0,75.4,22.7,38.2,65.4,77.4,3,2,65.13333333333333,77.8,44.94857142857143,44.0,52.98500000000001,59.49,Needs Attention
STU0121,5.97,67.7,2,75.3,4,85.5,6,5,1,74.9,34.0,35.1,59.7,40.0,2,4,59.46333333333333,75.3,76.99285714285713,73.33333333333333,50.185,64.33,Needs Attention
STU0122,7.42,75.8,1,62.2,4,66.7,2,4,2,63.1,87.4,81.1,84.8,90.1,3,2,73.92666666666666,62.2,63.83285714285714,54.666666666666664,79.81500000000001,69.61,Needs Attention
STU0123,7.46,85.0,0,57.7,3,41.1,7,4,3,94.8,64.2,96.1,74.5,44.8,4,2,80.25999999999999,57.7,41.62714285714286,88.0,78.35000000000001,70.25,On Track
STU0124,8.83,54.1,0,86.9,5,94.4,3,4,0,50.8,44.0,31.2,42.2,36.0,5,2,79.21000000000001,86.9,87.50857142857143,43.0,41.98,69.06,Needs Attention
STU0125,8.2,68.1,1,73.4,3,29.2,0,3,3,86.9,81.1,96.8,96.7,26.8,1,2,76.29666666666665,73.4,33.29714285714285,46.0,83.38000000000001,68.01,Needs Attention
STU0126,7.63,92.2,0,64.7,4,65.1,3,0,2,26.0,15.8,67.6,76.6,60.9,1,2,83.44,64.7,62.71285714285713,31.666666666666664,45.379999999999995,61.89,Needs Attention
STU0127,8.96,58.8,3,76.7,8,77.7,3,5,0,79.2,32.9,71.3,99.0,56.1,1,1,71.4,76.7,84.39,50.0,67.695,71.34,On Track
STU0128,5.77,57.7,3,92.7,7,24.7,4,3,1,99.1,30.7,76.8,97.7,80.1,5,4,51.92999999999999,92.7,47.29,49.33333333333333,75.36,64.99,Needs Attention
STU0129,6.43,73.0,3,48.4,3,67.8,2,5,1,87.7,98.7,76.3,93.5,57.2,4,3,60.48,48.4,60.31714285714285,53.33333333333333,86.28,63.77,Needs Attention
STU0130,6.09,82.7,2,58.5,4,85.3,4,5,3,66.4,73.5,85.6,80.4,47.5,3,5,64.68333333333332,58.5,76.85285714285713,80.0,72.925,68.86,Needs Attention
STU0131,6.73,70.2,2,66.0,3,25.4,3,1,3,70.1,65.6,58.7,68.8,40.9,4,1,64.77333333333333,66.0,30.637142857142855,47.0,63.515,57.81,Needs Attention
STU0132,5.55,89.9,2,97.0,5,61.0,2,2,3,48.3,10.4,62.7,33.8,42.3,3,4,63.60333333333333,97.0,64.12857142857142,49.0,38.205,62.55,Needs Attention
STU0133,7.96,82.9,1,81.7,3,40.7,6,1,2,74.4,26.6,45.9,63.5,94.2,2,1,79.29666666666667,81.7,41.347142857142856,53.666666666666664,56.550000000000004,65.84,Needs Attention
STU0134,6.93,82.6,2,88.0,3,73.0,2,0,1,81.6,67.2,28.4,81.2,33.2,3,3,69.69333333333333,88.0,63.95714285714285,18.333333333333332,62.440000000000005,65.54,Needs Attention
STU0135,5.44,78.3,3,63.2,7,29.5,6,5,1,99.9,44.2,73.2,61.7,99.1,4,3,56.129999999999995,63.2,50.65,73.33333333333333,72.915,62.64,Needs Attention
STU0136,5.98,100.0,3,63.4,3,95.0,2,5,3,59.4,93.2,22.7,89.5,46.2,1,3,65.88,63.4,79.35714285714286,70.0,65.21000000000001,67.65,Needs Attention
STU0137,7.58,66.9,2,83.8,3,91.6,7,5,0,24.9,78.8,42.1,28.8,27.1,4,4,68.88333333333334,83.8,76.97714285714285,70.0,42.815,66.68,Needs Attention
STU0138,8.21,39.9,0,78.8,3,34.9,3,5,1,67.7,50.3,27.5,50.5,39.9,3,5,71.23,78.8,37.287142857142854,58.33333333333333,49.09,60.83,Needs Attention
STU0139,9.6,94.1,2,85.1,11,45.9,0,3,0,29.5,77.5,35.3,60.5,24.7,1,2,89.16333333333331,85.1,62.129999999999995,21.0,48.38,67.28,Needs Attention
STU0140,10.0,63.1,1,75.6,0,67.0,1,3,1,39.6,97.8,71.1,54.6,83.2,2,5,85.59666666666668,75.6,46.9,34.33333333333333,67.81,68.22,Needs Attention
STU0141,7.7,71.6,2,81.6,6,77.4,7,5,1,46.3,51.5,70.3,28.7,61.0,3,1,71.01333333333334,81.6,79.89428571428572,78.33333333333333,50.35,70.03,On Track
STU0142,6.01,89.6,2,80.1,7,55.4,7,3,0,78.5,67.8,53.7,32.3,47.0,2,2,66.27333333333333,80.1,68.78,56.0,58.47500000000001,66.44,Needs Attention
STU0143,4.64,46.0,3,88.1,5,32.5,1,3,1,34.7,92.7,27.2,87.0,73.0,2,2,41.63999999999999,88.1,44.17857142857143,34.33333333333333,61.989999999999995,55.67,Needs Attention
STU0144,7.52,51.2,1,88.5,2,28.3,5,1,3,33.3,32.4,54.7,58.8,70.5,4,5,67.14666666666666,88.5,28.38142857142857,57.0,46.175,59.34,Needs Attention
STU0145,6.22,46.0,3,56.9,5,100.0,5,4,2,23.6,89.8,48.2,23.9,95.2,3,1,51.12,56.9,91.42857142857143,69.66666666666666,52.290000000000006,60.47,Needs Attention
STU0146,6.7,58.1,3,48.8,5,56.4,1,4,3,89.9,18.8,77.6,21.3,96.9,3,2,57.629999999999995,48.8,60.90857142857142,58.0,56.644999999999996,56.15,Needs Attention
STU0147,6.47,76.6,1,91.0,3,89.8,4,4,3,75.5,68.4,66.3,57.9,74.5,4,3,68.46666666666665,91.0,75.71714285714285,73.0,68.265,74.46,On Track
STU0148,7.03,77.9,1,93.4,5,58.6,6,2,3,23.2,80.5,59.3,33.2,85.4,1,5,72.21666666666667,93.4,62.44857142857143,69.0,52.964999999999996,69.85,Needs Attention
STU0149,8.48,74.1,2,64.7,2,93.8,8,1,1,22.3,65.3,59.0,76.4,83.4,2,3,76.44333333333333,64.7,74.23142857142857,55.33333333333333,57.32000000000001,66.87,Needs Attention
STU0150,7.39,48.8,3,53.8,3,27.0,7,0,3,64.7,54.6,97.3,83.6,59.3,1,5,58.97999999999999,53.8,31.757142857142853,60.0,71.935,57.2,Needs Attention
STU0151,7.01,35.3,2,79.3,3,29.1,0,3,3,42.6,65.6,80.5,38.3,76.4,5,4,55.98333333333333,79.3,33.22714285714286,46.0,58.45,56.85,Needs Attention
STU0152,5.96,70.8,3,90.1,3,94.4,2,4,3,67.7,23.6,59.8,67.4,26.3,1,4,57.0,90.1,78.93714285714286,63.0,50.89500000000001,65.98,Needs Attention
STU0153,5.19,62.9,1,100.0,7,95.8,3,4,1,54.8,29.4,58.3,32.4,80.6,5,4,56.67666666666667,100.0,97.05999999999999,51.33333333333333,47.25,68.51,Needs Attention
STU0154,6.62,76.9,2,84.7,4,45.2,1,5,0,93.9,34.3,22.1,44.3,96.9,1,1,66.12333333333333,84.7,48.78285714285714,40.0,55.019999999999996,61.85,Needs Attention
STU0155,7.14,80.5,1,73.2,2,48.4,5,2,2,43.0,63.8,95.4,91.1,26.8,2,3,73.65666666666667,73.2,42.451428571428565,55.666666666666664,66.68,65.34,Needs Attention
STU0156,9.32,72.1,3,66.4,6,56.2,0,4,3,74.3,49.8,45.5,63.5,86.9,4,3,77.55,66.4,65.05428571428571,53.0,61.515,66.98,Needs Attention
STU0157,7.36,81.4,1,78.1,3,53.3,1,4,3,24.3,32.0,40.5,90.9,94.6,5,2,75.24666666666668,78.1,50.16714285714285,58.0,49.815000000000005,63.97,Needs Attention
STU0158,8.38,73.4,2,74.1,3,35.2,0,1,2,96.5,89.5,100.0,38.0,38.1,1,1,75.63333333333333,74.1,37.497142857142855,23.666666666666664,77.91,64.98,Needs Attention
STU0159,6.6,78.0,0,64.8,3,91.9,2,5,0,98.5,43.7,77.5,46.4,62.0,2,1,73.0,64.8,77.18714285714286,45.0,66.53,67.57,Needs Attention
STU0160,5.78,59.4,3,100.0,4,40.3,6,0,1,79.1,50.1,23.8,57.7,94.2,5,4,52.5,100.0,45.35285714285714,38.33333333333333,58.019999999999996,60.89,Needs Attention
STU0161,6.04,67.3,1,100.0,4,76.4,1,3,2,57.2,46.9,25.0,58.4,96.8,2,4,63.09666666666666,100.0,70.62285714285714,42.666666666666664,52.385,66.89,Needs Attention
STU0162,6.33,73.0,1,92.8,9,25.4,8,5,2,37.6,26.4,22.0,99.8,30.2,2,2,66.54666666666667,92.8,47.78,91.66666666666666,43.38,65.7,Needs Attention
STU0163,9.75,82.3,2,66.0,2,23.1,2,3,1,85.0,75.8,68.0,29.2,47.9,4,4,86.52333333333333,66.0,24.74142857142857,39.33333333333333,64.43,62.91,Needs Attention
STU0164,6.21,64.1,1,89.1,6,72.3,0,5,1,78.9,50.4,25.7,88.2,75.9,1,4,63.15666666666666,89.1,76.32428571428571,43.33333333333333,62.69500000000001,68.22,Needs Attention
STU0165,8.21,77.8,3,86.3,8,47.1,3,0,0,37.8,11.5,94.7,89.1,37.7,5,5,72.60000000000001,86.3,62.97,15.0,52.855000000000004,63.2,Needs Attention
STU0166,6.12,66.0,2,83.8,4,72.4,6,3,1,56.1,96.8,95.0,64.3,46.0,5,5,59.85333333333333,83.8,67.82285714285715,59.33333333333333,74.685,69.49,Needs Attention
STU0167,8.32,68.2,2,94.2,7,27.5,0,4,2,57.0,83.4,63.7,47.5,21.9,5,5,73.71333333333332,94.2,49.25,44.666666666666664,59.53,67.69,Needs Attention
STU0168,7.66,82.4,0,86.3,4,96.0,0,3,0,86.1,75.1,69.3,61.5,32.3,2,1,80.68,86.3,84.34285714285713,21.0,69.69,73.64,On Track
STU0169,7.01,40.1,0,87.6,4,79.9,7,5,3,74.7,88.2,43.4,43.4,65.0,1,4,64.09,87.6,73.07285714285715,95.0,64.58500000000001,73.35,On Track
STU0170,7.15,50.6,1,86.3,2,90.1,5,2,0,71.5,91.6,25.1,83.9,72.2,3,2,64.74666666666667,86.3,71.64142857142856,39.0,69.795,68.78,Needs Attention
STU0171,6.41,47.8,3,82.4,3,30.9,3,4,2,72.0,40.4,79.0,59.9,71.9,2,3,52.8,82.4,34.48714285714286,59.666666666666664,63.07000000000001,59.23,Needs Attention
STU0172,7.74,35.0,3,54.8,5,45.6,6,2,1,41.6,65.0,28.1,94.1,82.3,5,4,56.94,54.8,53.348571428571425,52.33333333333333,59.31999999999999,56.11,Needs Attention
STU0173,6.65,59.8,2,79.1,3,49.5,7,5,3,49.7,64.8,26.8,69.8,53.2,4,4,61.17333333333334,79.1,47.50714285714285,95.0,53.265,64.11,Needs Attention
STU0174,5.73,81.2,2,70.8,8,63.0,3,0,3,23.7,34.1,44.9,61.1,41.9,5,3,62.07333333333334,70.8,74.1,40.0,39.839999999999996,57.86,Needs Attention
STU0175,5.67,65.7,1,61.4,6,43.7,5,1,2,83.0,30.0,21.0,76.9,21.2,4,5,60.39666666666666,61.4,56.30428571428571,48.666666666666664,49.95,56.2,Needs Attention
STU0176,7.41,73.0,0,99.9,3,24.9,0,0,2,54.6,20.3,54.7,60.3,36.5,4,1,76.35999999999999,99.9,30.287142857142854,16.666666666666664,45.375,60.44,Needs Attention
STU0177,9.09,86.3,0,100.0,1,49.5,2,4,2,55.1,69.3,76.6,92.4,45.0,1,1,90.42999999999999,100.0,38.93571428571428,54.666666666666664,69.4,75.79,On Track
STU0178,7.39,89.9,1,95.7,2,40.4,5,1,2,39.6,80.3,84.1,34.8,34.3,1,1,77.97666666666666,95.7,36.85142857142857,48.666666666666664,57.185,67.22,Needs Attention
STU0179,7.06,69.0,1,81.3,6,50.9,1,1,0,36.8,78.5,68.3,97.9,21.6,1,5,69.72666666666667,81.3,61.344285714285704,12.0,64.225,63.64,Needs Attention
STU0180,7.54,90.3,0,95.6,5,35.8,8,5,1,67.0,38.5,87.7,85.0,32.6,3,3,82.33,95.6,46.48857142857142,83.33333333333333,64.17500000000001,75.17,On Track
STU0181,8.77,71.4,1,78.2,3,41.0,8,2,0,38.6,28.5,52.5,88.9,73.3,2,3,80.70666666666666,78.2,41.55714285714286,54.0,52.385,64.58,Needs Attention
STU0182,7.46,57.4,0,80.6,4,70.2,2,0,1,25.1,50.8,87.9,58.6,70.4,5,4,71.97999999999999,80.6,66.28285714285714,18.333333333333332,55.315000000000005,63.32,Needs Attention
STU0183,6.71,61.1,2,63.8,5,51.1,3,0,2,81.4,59.2,60.5,87.0,94.9,1,3,61.92333333333333,63.8,57.19857142857143,31.666666666666664,74.14,61.62,Needs Attention
STU0184,8.53,47.8,3,83.2,6,47.6,1,1,0,50.1,92.7,37.8,44.5,83.9,5,3,65.52,83.2,59.034285714285716,12.0,60.550000000000004,61.49,Needs Attention
STU0185,7.71,56.7,2,78.8,4,62.7,4,5,0,50.4,88.7,95.5,81.0,65.4,4,1,66.60333333333332,78.8,61.03285714285714,55.0,76.61500000000001,69.55,Needs Attention
STU0186,9.04,64.6,1,61.1,2,81.7,1,3,3,54.5,92.4,42.0,31.2,31.0,1,1,80.28666666666666,61.1,65.76142857142857,51.0,54.465,64.89,Needs Attention
STU0187,7.42,82.1,1,77.3,6,50.3,3,5,1,85.2,86.5,22.1,44.6,65.1,1,5,75.81666666666666,77.3,60.9242857142857,58.33333333333333,62.775,68.87,Needs Attention
STU0188,5.73,95.8,1,77.0,7,67.0,4,1,0,45.7,96.8,39.4,55.7,24.9,2,3,69.78666666666668,77.0,76.9,27.0,57.135000000000005,64.85,Needs Attention
STU0189,5.56,49.3,0,100.0,7,97.3,5,2,2,80.6,51.9,49.3,45.8,54.5,2,1,58.15,100.0,98.11,55.666666666666664,57.595,72.13,On Track
STU0190,9.18,75.9,2,89.6,2,61.8,5,0,2,95.2,14.3,48.1,51.0,51.2,2,2,81.18333333333332,89.6,51.83142857142857,41.666666666666664,52.31500000000001,67.3,Needs Attention
STU0191,9.27,54.4,2,78.1,3,92.8,1,2,3,72.9,17.5,62.0,85.6,54.2,3,2,75.27333333333333,78.1,77.81714285714285,44.0,57.540000000000006,68.66,Needs Attention
STU0192,6.98,77.1,0,81.2,3,83.5,7,3,3,54.5,45.1,90.7,40.5,42.4,1,2,75.00999999999999,81.2,71.30714285714285,81.0,55.38,71.38,On Track
STU0193,6.74,68.0,1,78.6,5,24.7,6,4,3,79.8,33.2,43.4,79.6,74.9,1,2,67.50666666666666,78.6,38.71857142857142,83.0,60.34,65.16,Needs Attention
STU0194,8.95,42.5,1,75.4,7,54.3,6,2,2,56.6,25.3,61.7,25.9,87.3,4,4,73.11666666666666,75.4,68.00999999999999,60.666666666666664,46.72500000000001,64.96,Needs Attention
STU0195,5.87,83.9,0,63.9,8,75.9,4,4,1,53.2,95.8,47.2,81.3,81.5,5,1,70.39,63.9,83.13,56.33333333333333,71.10000000000001,69.77,Needs Attention
STU0196,6.13,60.9,2,76.0,8,98.9,8,3,3,62.0,27.6,85.7,83.4,70.2,2,2,58.38333333333333,76.0,99.23,86.0,63.24,72.01,On Track
STU0197,7.97,62.0,2,68.3,5,56.7,3,1,1,45.4,96.3,32.6,52.1,63.1,5,3,69.75333333333333,68.3,61.11857142857143,30.333333333333332,58.675000000000004,61.46,Needs Attention
STU0198,6.73,54.0,2,61.7,3,27.4,7,5,1,28.3,78.5,28.3,77.8,22.5,2,3,59.913333333333334,61.7,32.037142857142854,78.33333333333333,50.17,55.5,Needs Attention
STU0199,7.19,60.2,2,84.6,3,65.0,1,2,3,53.2,67.7,60.2,93.2,77.8,2,5,64.53333333333333,84.6,58.357142857142854,44.0,68.685,66.6,Needs Attention
STU0200,7.0,76.4,3,83.1,2,30.1,2,0,3,29.9,70.8,73.8,84.1,63.6,1,5,64.92,83.1,29.64142857142857,35.0,63.114999999999995,59.82,Needs Attention
STU0201,7.61,67.2,3,54.8,3,80.1,4,5,1,52.8,39.8,83.6,51.2,41.7,3,2,65.82,54.8,68.92714285714285,63.33333333333333,54.28,60.95,Needs Attention
STU0202,8.89,74.9,2,76.4,1,60.6,5,5,2,64.6,68.2,67.2,58.7,46.2,3,3,79.14333333333333,76.4,46.705714285714286,76.66666666666666,63.0,69.45,Needs Attention
STU0203,7.31,75.4,3,90.9,1,77.9,6,0,3,94.5,26.8,81.9,82.3,94.8,4,1,66.47999999999999,90.9,58.815714285714286,55.0,72.645,70.61,On Track
STU0204,7.97,89.8,1,91.8,4,89.5,2,5,3,22.9,94.4,51.4,43.4,69.9,1,4,81.42666666666666,91.8,79.79285714285714,70.0,55.275000000000006,75.58,On Track
STU0205,4.74,64.9,3,91.3,3,70.3,7,5,0,69.7,37.2,22.6,84.3,58.1,1,1,47.91,91.3,62.06714285714285,70.0,53.915000000000006,62.42,Needs Attention
STU0206,7.14,47.8,3,78.5,3,69.0,2,4,2,56.6,33.0,29.3,46.2,69.7,3,1,57.17999999999999,78.5,61.15714285714285,54.666666666666664,44.47,58.61,Needs Attention
STU0207,6.19,86.0,2,67.0,6,80.4,4,1,0,21.6,74.0,23.1,84.5,53.1,1,4,66.27333333333333,67.0,81.99428571428571,27.0,50.730000000000004,60.96,Needs Attention
STU0208,5.74,65.0,3,63.9,3,87.4,8,3,3,40.0,69.1,46.3,26.9,57.6,1,1,53.94,63.9,74.03714285714285,86.0,47.675,60.59,Needs Attention
STU0209,6.15,86.7,2,82.5,2,89.5,4,3,0,29.5,50.6,59.6,23.6,43.2,4,3,66.24333333333333,82.5,71.22142857142858,41.0,40.985,61.4,Needs Attention
STU0210,6.8,75.8,2,82.9,6,22.9,6,3,3,37.3,66.9,48.5,99.8,55.2,5,1,66.87333333333332,82.9,41.74428571428571,76.0,61.230000000000004,65.81,Needs Attention
STU0211,8.3,68.0,1,94.7,3,64.5,8,3,0,42.0,24.4,64.8,89.6,74.8,3,4,76.86666666666667,94.7,58.00714285714285,61.0,54.96000000000001,70.54,On Track
STU0212,5.61,75.2,3,92.3,3,37.3,8,3,1,52.1,70.6,58.4,90.6,23.2,1,4,56.22,92.3,38.96714285714285,69.33333333333333,62.794999999999995,63.8,Needs Attention
STU0213,7.24,99.3,2,76.3,4,88.8,4,3,0,62.3,34.4,74.2,96.1,83.6,5,3,76.56333333333333,76.3,79.30285714285714,41.0,66.595,70.87,On Track
STU0214,6.62,100.0,3,61.8,2,71.9,3,4,3,20.1,34.6,73.4,55.1,42.6,3,5,69.72,61.8,58.90142857142857,68.0,43.635000000000005,59.82,Needs Attention
STU0215,6.81,71.0,1,73.9,7,53.6,1,3,1,32.9,24.6,45.4,42.9,74.6,4,3,68.82666666666667,73.9,67.52,34.33333333333333,39.495,58.86,Needs Attention
STU0216,8.4,72.4,3,80.8,4,35.0,4,0,2,27.5,39.9,47.7,30.4,71.4,1,1,72.12,80.8,41.64285714285714,36.666666666666664,39.61,57.61,Needs Attention
STU0217,7.85,86.1,0,75.4,4,47.1,8,0,0,64.0,39.8,66.8,60.1,72.2,3,1,82.93,75.4,50.11285714285714,40.0,58.550000000000004,66.11,Needs Attention
STU0218,8.8,57.3,0,70.5,4,76.3,4,5,1,46.3,50.9,67.7,37.6,68.7,1,2,79.99000000000001,70.5,70.55285714285714,63.33333333333333,52.230000000000004,68.07,Needs Attention
STU0219,7.01,75.0,2,81.3,4,36.3,3,5,3,63.9,27.1,45.2,94.8,96.7,4,2,67.89333333333333,81.3,42.552857142857135,75.0,60.42,65.62,Needs Attention
STU0220,6.36,69.6,2,71.4,6,27.5,0,3,3,37.7,27.4,46.4,20.3,60.7,2,2,62.37333333333333,71.4,44.96428571428571,46.0,35.685,53.26,Needs Attention
STU0221,6.93,74.7,3,69.8,3,91.0,3,1,0,21.9,58.8,75.5,31.5,78.6,5,2,63.989999999999995,69.8,76.55714285714285,22.0,49.435,59.2,Needs Attention
STU0222,7.49,57.5,1,82.0,2,81.1,2,4,1,95.3,21.6,71.8,39.7,76.4,1,3,68.85666666666667,82.0,65.34142857142857,46.33333333333333,59.165000000000006,66.28,Needs Attention
STU0223,7.41,46.2,2,72.8,5,36.0,8,0,1,28.7,72.0,30.8,35.9,38.9,4,1,61.65333333333333,72.8,46.628571428571426,48.33333333333333,42.405,55.48,Needs Attention
STU0224,5.9,38.9,2,81.2,6,43.4,4,2,2,30.1,95.0,55.3,38.1,42.7,1,4,50.403333333333336,81.2,56.094285714285704,50.666666666666664,54.225,58.4,Needs Attention
STU0225,7.31,53.2,3,81.6,2,97.8,1,1,2,31.7,48.4,91.4,72.5,53.9,4,2,59.81999999999999,81.6,77.03142857142856,28.666666666666664,58.195,63.24,Needs Attention
STU0226,7.47,63.1,2,63.2,1,76.7,0,0,0,98.5,91.1,22.9,46.2,42.2,3,4,67.08333333333333,63.2,57.97571428571428,0.0,65.44,57.82,Needs Attention
STU0227,10.0,65.6,1,71.7,3,68.8,7,4,3,69.4,18.8,88.4,69.2,49.3,5,3,86.34666666666666,71.7,61.01714285714285,88.0,58.50000000000001,72.82,On Track
STU0228,9.45,99.1,3,96.7,1,44.6,8,3,0,68.8,13.9,33.1,91.2,51.3,4,5,86.42999999999998,96.7,35.505714285714284,61.0,50.665000000000006,69.36,Needs Attention
STU0229,6.18,86.6,0,62.9,3,43.9,6,1,1,98.9,74.9,60.6,68.2,68.3,2,3,73.06,62.9,43.58714285714285,45.33333333333333,76.04,64.58,Needs Attention
STU0230,6.86,55.6,3,50.5,0,23.2,1,3,3,27.1,78.5,53.9,75.6,37.6,1,2,57.839999999999996,50.5,16.24,51.0,56.059999999999995,49.0,Needs Support
STU0231,5.44,75.2,0,53.8,4,78.3,0,0,2,98.0,85.9,20.8,49.2,84.3,3,3,65.2,53.8,71.95285714285714,16.666666666666664,68.405,59.88,Needs Attention
STU0232,6.49,63.9,1,78.4,2,23.5,1,2,1,36.3,15.1,93.2,32.8,55.0,3,4,64.77666666666667,78.4,25.021428571428572,27.333333333333332,43.550000000000004,52.49,Needs Attention
STU0233,7.58,65.7,3,78.4,3,20.4,6,3,3,69.8,79.9,56.4,45.6,76.5,1,3,65.19,78.4,27.137142857142855,76.0,65.47500000000001,63.28,Needs Attention
STU0234,8.65,72.8,2,76.5,2,78.4,6,2,1,53.6,43.9,96.3,97.1,26.5,3,3,77.07333333333334,76.5,63.45142857142857,52.33333333333333,65.70500000000001,69.6,Needs Attention
STU0235,6.33,79.3,3,93.8,7,95.9,7,4,2,50.7,37.3,42.9,69.7,57.6,2,3,61.77,93.8,97.13,79.66666666666666,50.279999999999994,72.4,On Track
STU0236,6.42,64.9,2,43.3,3,80.5,0,1,0,94.5,25.6,89.3,42.2,22.3,2,2,61.32333333333333,43.3,69.20714285714286,7.0,58.555,52.78,Needs Attention
STU0237,4.62,86.0,2,83.1,1,57.7,1,0,0,31.9,99.6,93.8,56.1,74.1,1,2,56.85333333333333,83.1,44.675714285714285,5.0,70.265,58.44,Needs Attention
STU0238,7.0,52.9,1,98.3,6,58.9,8,3,1,99.8,15.7,64.5,86.8,47.5,2,5,64.53666666666666,98.3,66.94428571428571,69.33333333333333,63.885,71.97,On Track
STU0239,5.93,70.1,0,63.3,2,54.9,8,5,2,50.3,84.4,36.2,73.5,95.9,2,4,66.61,63.3,47.00142857142857,91.66666666666666,65.205,65.16,Needs Attention
STU0240,6.56,100.0,0,73.1,3,46.0,6,2,3,71.9,67.6,74.8,64.9,45.9,1,1,79.35999999999999,73.1,45.05714285714285,69.0,67.405,68.94,Needs Attention
